source_mat_id_orig,samp_description,tax_id,scientific_name,investigation_type,env_material,collection_date,sampling_event,sampl_person,sampl_person_orcid,tidal_stage,comm_samp,depth,replicate,size_frac_low,size_frac_up,samp_collect_device,samp_mat_process,samp_mat_process_dev,samp_store_date,samp_store_loc,samp_store_temp,store_person,store_person_orcid,other_person,other_person_orcid,long_store,samp_size_mass,ship_date,arr_date_hq,store_temp_hq,ship_date_seq,arr_date_seq,failure,failure_comment,ENA_accession_number_sample,source_mat_id
EMOBON ROSKOGO So210826 micro 1,EMOBON metagenome sediment sample from station ROSKOGO collected on 2021-08-26 community collected micro,412755,marine sediment metagenome,metagenome,sediment [ENVO:00002007],2021-08-26,ROSKOGO_So_210826,Wilfried Thomas; Daguin; Thiebaut; Comtet,,ebb_tide,micro,17,1,NA,NA,core,SoSOP2,,2021-08-26,SBR YD001 freezer 17,-80,,,,,N,10.8,2021-10-19,2021-10-22,-70,2021-11-24,2021-11-24,F,NA,NA,EMOBON_ROSKOGO_So_210826_micro_1
EMOBON ROSKOGO So210826 micro 2,EMOBON metagenome sediment sample from station ROSKOGO collected on 2021-08-26 community collected micro,412755,marine sediment metagenome,metagenome,sediment [ENVO:00002007],2021-08-26,ROSKOGO_So_210826,Wilfried Thomas; Daguin; Thiebaut; Comtet,,ebb_tide,micro,17,2,NA,NA,core,SoSOP2,,2021-08-26,SBR YD001 freezer 17,-80,,,,,N,9.3,2021-10-19,2021-10-22,-70,2021-11-24,2021-11-24,F,NA,NA,EMOBON_ROSKOGO_So_210826_micro_2
EMOBON ROSKOGO So210826 micro 3,EMOBON metagenome sediment sample from station ROSKOGO collected on 2021-08-26 community collected micro,412755,marine sediment metagenome,metagenome,sediment [ENVO:00002007],2021-08-26,ROSKOGO_So_210826,Wilfried Thomas; Daguin; Thiebaut; Comtet,,ebb_tide,micro,17,3,NA,NA,core,SoSOP2,,2021-08-26,SBR YD001 freezer 17,-80,,,,,Y,10.3,NA,NA,NA,NA,NA,NA,NA,NA,EMOBON_ROSKOGO_So_210826_micro_3
EMOBON ROSKOGO So210826 micro 4,EMOBON metagenome sediment sample from station ROSKOGO collected on 2021-08-26 community collected micro,412755,marine sediment metagenome,metagenome,sediment [ENVO:00002007],2021-08-26,ROSKOGO_So_210826,Wilfried Thomas; Daguin; Thiebaut; Comtet,,ebb_tide,micro,17,4,NA,NA,core,SoSOP2,,2021-08-26,SBR YD001 freezer 17,-80,,,,,Y,10.6,NA,NA,NA,NA,NA,NA,NA,NA,EMOBON_ROSKOGO_So_210826_micro_4
EMOBON ROSKOGO So210826 micro blank,EMOBON metagenome sediment sample from station ROSKOGO collected on 2021-08-26 community collected micro,32644,unidentified,metagenome,sediment [ENVO:00002007],2021-08-26,ROSKOGO_So_210826,Daguin; Thiebaut; Comtet,,,micro,17,blank_1,NA,NA,swab,SoSOP2,,2021-08-26,SBR YD001 freezer 17,-80,,,,,Y,NA,NA,NA,NA,NA,NA,NA,NA,NA,EMOBON_ROSKOGO_So_210826_micro_blank_1
EMOBON ROSKOGO So210923 Macro 1,EMOBON mimarks-specimen sediment sample from station ROSKOGO collected on 2021-09-23 community collected macro,33208,Metazoa ,mimarks-specimen,sediment [ENVO:00002007],2021-09-23,ROSKOGO_So_210923,"Houbin, Daguin, Comtet",0000-0002-4572-3371,ebb_tide,macro,17,1,NA,NA,McIntyre grab,SoSOP3,,2021-09-23,SBR YD101.2 fridge R10,4,Céline Houbin,0000-0002-4572-3371,,,N,13.4,2022-01-18,2022-01-21,4,2023-06-01,2023-06-01,NA,NA,NA,EMOBON_ROSKOGO_So_210923_macro_1
EMOBON ROSKOGO So210923 Macro 2,EMOBON mimarks-specimen sediment sample from station ROSKOGO collected on 2021-09-23 community collected macro,33208,Metazoa ,mimarks-specimen,sediment [ENVO:00002007],2021-09-23,ROSKOGO_So_210923,"Houbin, Daguin, Comtet",0000-0002-4572-3371,ebb_tide,macro,17,2,NA,NA,McIntyre grab,SoSOP3,,2021-09-23,SBR YD101.2 fridge R10,4,Céline Houbin,0000-0002-4572-3371,,,N,14.17,2022-01-18,2022-01-21,4,2023-10-17,2023-10-17,NA,NA,NA,EMOBON_ROSKOGO_So_210923_macro_2
EMOBON ROSKOGO So210923 Macro 3,EMOBON mimarks-specimen sediment sample from station ROSKOGO collected on 2021-09-23 community collected macro,33208,Metazoa ,mimarks-specimen,sediment [ENVO:00002007],2021-09-23,ROSKOGO_So_210923,"Houbin, Daguin, Comtet",0000-0002-4572-3371,ebb_tide,macro,17,3,NA,NA,McIntyre grab,SoSOP3,,2021-09-23,SBR YD101.2 fridge R10,4,Céline Houbin,0000-0002-4572-3371,,,Y,10.26,NA,NA,NA,NA,NA,NA,NA,NA,EMOBON_ROSKOGO_So_210923_macro_3
EMOBON ROSKOGO So210923 Macro 4,EMOBON mimarks-specimen sediment sample from station ROSKOGO collected on 2021-09-23 community collected macro,33208,Metazoa ,mimarks-specimen,sediment [ENVO:00002007],2021-09-23,ROSKOGO_So_210923,"Houbin, Daguin, Comtet",0000-0002-4572-3371,ebb_tide,macro,17,4,NA,NA,McIntyre grab,SoSOP3,,2021-09-23,SBR YD101.2 fridge R10,4,Céline Houbin,0000-0002-4572-3371,,,Y,10.91,NA,NA,NA,NA,NA,NA,NA,NA,EMOBON_ROSKOGO_So_210923_macro_4
EMOBON ROSKOGO So210923 Macro blank,EMOBON mimarks-specimen sediment sample from station ROSKOGO collected on 2021-09-23 community collected macro,32644,unidentified,mimarks-specimen,sediment [ENVO:00002007],2021-09-23,ROSKOGO_So_210923,"Houbin, Daguin, Comtet",0000-0002-4572-3371,ebb_tide,macro,17,blank_1,NA,NA,swab,SoSOP3,,2021-09-23,SBR YD101.2 fridge R10,4,Céline Houbin,0000-0002-4572-3371,,,Y,NA,NA,NA,NA,NA,NA,NA,NA,NA,EMOBON_ROSKOGO_So_210923_macro_blank_1
EMOBON ROSKOGO So211119 meio 1,EMOBON mimarks-specimen sediment sample from station ROSKOGO collected on 2021-11-19 community collected meio,33208,Metazoa ,mimarks-specimen,sediment [ENVO:00002007],2021-11-19,ROSKOGO_So_211119,Thomas; Camusat;Daguin; Thiebaut; Comtet,,ebb_tide,meio,17,1,NA,NA,core,SoSOP2,ludox extraction to be done,2021-11-19,SBR YD101.1 C27,-20,Claire Daguin-Thiebaut,0000-0003-4665-6411,,,N,500,2023-09-19,2023-09-21,-70,NA,NA,NA,NA,NA,EMOBON_ROSKOGO_So_211119_meio_1
EMOBON ROSKOGO So211119 meio 2,EMOBON mimarks-specimen sediment sample from station ROSKOGO collected on 2021-11-19 community collected meio,33208,Metazoa ,mimarks-specimen,sediment [ENVO:00002007],2021-11-19,ROSKOGO_So_211119,Thomas; Camusat;Daguin; Thiebaut; Comtet,,ebb_tide,meio,17,2,NA,NA,core,SoSOP2,ludox extraction to be done,2021-11-19,SBR YD101.1 C27,-20,Claire Daguin-Thiebaut,0000-0003-4665-6411,,,N,594,2023-09-19,2023-09-21,-70,NA,NA,NA,NA,NA,EMOBON_ROSKOGO_So_211119_meio_2
EMOBON ROSKOGO So211119 meio 3,EMOBON mimarks-specimen sediment sample from station ROSKOGO collected on 2021-11-19 community collected meio,33208,Metazoa ,mimarks-specimen,sediment [ENVO:00002007],2021-11-19,ROSKOGO_So_211119,Thomas; Camusat;Daguin; Thiebaut; Comtet,,ebb_tide,meio,17,3,NA,NA,core,SoSOP2,ludox extraction to be done,2021-11-19,SBR YD101.1 C27,-20,Claire Daguin-Thiebaut,0000-0003-4665-6411,,,Y,572,NA,NA,NA,NA,NA,NA,NA,NA,EMOBON_ROSKOGO_So_211119_meio_3
EMOBON ROSKOGO So211119 meio 4,EMOBON mimarks-specimen sediment sample from station ROSKOGO collected on 2021-11-19 community collected meio,33208,Metazoa ,mimarks-specimen,sediment [ENVO:00002007],2021-11-19,ROSKOGO_So_211119,Thomas; Camusat;Daguin; Thiebaut; Comtet,,ebb_tide,meio,17,4,NA,NA,core,SoSOP2,ludox extraction to be done,2021-11-19,SBR YD101.1 C27,-20,Claire Daguin-Thiebaut,0000-0003-4665-6411,,,Y,678,NA,NA,NA,NA,NA,NA,NA,NA,EMOBON_ROSKOGO_So_211119_meio_4
EMOBON ROSKOGO So211119 meio blank,EMOBON mimarks-specimen sediment sample from station ROSKOGO collected on 2021-11-19 community collected meio,32644,unidentified,mimarks-specimen,swab,2021-11-19,ROSKOGO_So_211119,Daguin; Thiebaut; Comtet,,ebb_tide,meio,17,blank_1,NA,NA,core,SoSOP2,,2021-11-19,SBR YD101.1 C27,-20,Claire Daguin-Thiebaut,0000-0003-4665-6411,,,Y,NA,NA,NA,NA,NA,NA,NA,NA,NA,EMOBON_ROSKOGO_So_211119_meio_blank_1
EMOBON ROSKOGO So211119 micro 1,EMOBON metagenome sediment sample from station ROSKOGO collected on 2021-11-19 community collected micro,412755,marine sediment metagenome,metagenome,sediment [ENVO:00002007],2021-11-19,ROSKOGO_So_211119,Thomas; Camusat;Daguin; Thiebaut; Comtet,,ebb_tide,micro,17,1,NA,NA,core,SoSOP2,,2021-11-19,SBR YD001 freezer 17,-80,Claire Daguin-Thiebaut,0000-0003-4665-6411,,,N,11.4,2022-01-18,2022-01-21,-70,2022-02-22,2022-02-23,F,NA,NA,EMOBON_ROSKOGO_So_211119_micro_1
EMOBON ROSKOGO So211119 micro 2,EMOBON metagenome sediment sample from station ROSKOGO collected on 2021-11-19 community collected micro,412755,marine sediment metagenome,metagenome,sediment [ENVO:00002007],2021-11-19,ROSKOGO_So_211119,Thomas; Camusat;Daguin; Thiebaut; Comtet,,ebb_tide,micro,17,2,NA,NA,core,SoSOP2,,2021-11-19,SBR YD001 freezer 17,-80,Claire Daguin-Thiebaut,0000-0003-4665-6411,,,N,12.4,2022-01-18,2022-01-21,-70,2022-02-22,2022-02-23,F,NA,NA,EMOBON_ROSKOGO_So_211119_micro_2
EMOBON ROSKOGO So211119 micro 3,EMOBON metagenome sediment sample from station ROSKOGO collected on 2021-11-19 community collected micro,412755,marine sediment metagenome,metagenome,sediment [ENVO:00002007],2021-11-19,ROSKOGO_So_211119,Thomas; Camusat;Daguin; Thiebaut; Comtet,,ebb_tide,micro,17,3,NA,NA,core,SoSOP2,,2021-11-19,SBR YD001 freezer 17,-80,Claire Daguin-Thiebaut,0000-0003-4665-6411,,,Y,10.8,NA,NA,NA,NA,NA,NA,NA,NA,EMOBON_ROSKOGO_So_211119_micro_3
EMOBON ROSKOGO So211119 micro 4,EMOBON metagenome sediment sample from station ROSKOGO collected on 2021-11-19 community collected micro,412755,marine sediment metagenome,metagenome,sediment [ENVO:00002007],2021-11-19,ROSKOGO_So_211119,Thomas; Camusat;Daguin; Thiebaut; Comtet,,ebb_tide,micro,17,4,NA,NA,core,SoSOP2,,2021-11-19,SBR YD001 freezer 17,-80,Claire Daguin-Thiebaut,0000-0003-4665-6411,,,Y,9.8,NA,NA,NA,NA,NA,NA,NA,NA,EMOBON_ROSKOGO_So_211119_micro_4
EMOBON ROSKOGO So211119 micro blank,EMOBON metagenome sediment sample from station ROSKOGO collected on 2021-11-19 community collected micro,32644,unidentified,metagenome,swab,2021-11-19,ROSKOGO_So_211119,Daguin; Thiebaut; Comtet,,ebb_tide,micro,17,blank_1,NA,NA,core,SoSOP2,,2021-11-19,SBR YD001 freezer 17,-80,Claire Daguin-Thiebaut,0000-0003-4665-6411,,,Y,NA,NA,NA,NA,NA,NA,NA,NA,NA,EMOBON_ROSKOGO_So_211119_micro_blank_1
EMOBON ROSKOGO So211222 micro 1,EMOBON metagenome sediment sample from station ROSKOGO collected on 2022-12-22 community collected micro,412755,marine sediment metagenome,metagenome,sediment [ENVO:00002007],2022-12-22,ROSKOGO_So_211222,Comtet & Broudin,,,micro,,1,NA,NA,core,SoSOP2,,2021-12-22,SBR YD001 freezer 17,-80,Comtet,,,,N,NA,2022-01-18,2022-01-21,-70,2022-02-22,2022-02-23,F,NA,NA,EMOBON_ROSKOGO_So_211222_micro_1
EMOBON ROSKOGO So211222 micro 2,EMOBON metagenome sediment sample from station ROSKOGO collected on 2022-12-22 community collected micro,412755,marine sediment metagenome,metagenome,sediment [ENVO:00002007],2022-12-22,ROSKOGO_So_211222,Comtet & Broudin,,,micro,,2,NA,NA,core,SoSOP2,,2021-12-22,SBR YD001 freezer 17,-80,Comtet,,,,N,NA,2022-01-18,2022-01-21,-70,2022-02-22,2022-02-23,F,NA,NA,EMOBON_ROSKOGO_So_211222_micro_2
EMOBON ROSKOGO So211222 micro 3,EMOBON metagenome sediment sample from station ROSKOGO collected on 2022-12-22 community collected micro,412755,marine sediment metagenome,metagenome,sediment [ENVO:00002007],2022-12-22,ROSKOGO_So_211222,Comtet & Broudin,,,micro,,3,NA,NA,core,SoSOP2,,2021-12-22,SBR YD001 freezer 17,-80,Comtet,,,,Y,NA,NA,NA,NA,NA,NA,NA,NA,NA,EMOBON_ROSKOGO_So_211222_micro_3
EMOBON ROSKOGO So211222 micro 4,EMOBON metagenome sediment sample from station ROSKOGO collected on 2022-12-22 community collected micro,412755,marine sediment metagenome,metagenome,sediment [ENVO:00002007],2022-12-22,ROSKOGO_So_211222,Comtet & Broudin,,,micro,,4,NA,NA,core,SoSOP2,,2021-12-22,SBR YD001 freezer 17,-80,Comtet,,,,Y,NA,NA,NA,NA,NA,NA,NA,NA,NA,EMOBON_ROSKOGO_So_211222_micro_4
EMOBON ROSKOGO So211222 micro blank,EMOBON metagenome sediment sample from station ROSKOGO collected on 2022-12-22 community collected micro,32644,unidentified,metagenome,swab,2022-12-22,ROSKOGO_So_211222,Comtet & Broudin,,,micro,,blank_1,NA,NA,swab,SoSOP2,,2021-12-22,SBR YD001 freezer 17,-80,Comtet,,,,Y,NA,NA,NA,NA,NA,NA,NA,NA,NA,EMOBON_ROSKOGO_So_211222_micro_blank_1
EMOBON ROSKOGO So220301 Macro 1,EMOBON mimarks-specimen sediment sample from station ROSKOGO collected on 2022-03-01 community collected macro,33208,Metazoa ,mimarks-specimen,sediment [ENVO:00002007],2022-03-01,ROSKOGO_So_220301,"Houbin, Daguin, Comtet",0000-0002-4572-3371,ebb_tide,macro,17,1,NA,NA,McIntyre grab,SoSOP3,,2022-03-03,SBR YD101.2 fridge R10,4,Céline Houbin,0000-0002-4572-3371,,,N,9.86,2022-10-11,2022-10-13,4,2023-10-17,2023-10-17,,NA,NA,EMOBON_ROSKOGO_So_220301_macro_1
EMOBON ROSKOGO So220301 Macro 2,EMOBON mimarks-specimen sediment sample from station ROSKOGO collected on 2022-03-01 community collected macro,33208,Metazoa ,mimarks-specimen,sediment [ENVO:00002007],2022-03-01,ROSKOGO_So_220301,"Houbin, Daguin, Comtet",0000-0002-4572-3371,ebb_tide,macro,17,2,NA,NA,McIntyre grab,SoSOP3,,2022-03-03,SBR YD101.2 fridge R10,4,Céline Houbin,0000-0002-4572-3371,,,N,10.94,2022-10-11,2022-10-13,4,2023-10-17,2023-10-17,,NA,NA,EMOBON_ROSKOGO_So_220301_macro_2
EMOBON ROSKOGO So220301 Macro 3,EMOBON mimarks-specimen sediment sample from station ROSKOGO collected on 2022-03-01 community collected macro,33208,Metazoa ,mimarks-specimen,sediment [ENVO:00002007],2022-03-01,ROSKOGO_So_220301,"Houbin, Daguin, Comtet",0000-0002-4572-3371,ebb_tide,macro,17,3,NA,NA,McIntyre grab,SoSOP3,,2022-03-03,SBR YD101.2 fridge R10,4,Céline Houbin,0000-0002-4572-3371,,,Y,12.53,NA,NA,NA,NA,NA,NA,NA,NA,EMOBON_ROSKOGO_So_220301_macro_3
EMOBON ROSKOGO So220301 Macro 4,EMOBON mimarks-specimen sediment sample from station ROSKOGO collected on 2022-03-01 community collected macro,33208,Metazoa ,mimarks-specimen,sediment [ENVO:00002007],2022-03-01,ROSKOGO_So_220301,"Houbin, Daguin, Comtet",0000-0002-4572-3371,ebb_tide,macro,17,4,NA,NA,McIntyre grab,SoSOP3,,2022-03-03,SBR YD101.2 fridge R10,4,Céline Houbin,0000-0002-4572-3371,,,Y,11.02,NA,NA,NA,NA,NA,NA,NA,NA,EMOBON_ROSKOGO_So_220301_macro_4
EMOBON ROSKOGO So220301 Macro blank,EMOBON mimarks-specimen sediment sample from station ROSKOGO collected on 2022-03-01 community collected macro,32644,unidentified,mimarks-specimen,swab,2022-03-01,ROSKOGO_So_220301,"Houbin, Daguin, Comtet",0000-0002-4572-3371,ebb_tide,macro,17,blank_1,NA,NA,swab,SoSOP3,,2022-03-03,SBR YD101.2 fridge R10,4,Céline Houbin,0000-0002-4572-3371,,,Y,NA,NA,NA,NA,NA,NA,NA,NA,NA,EMOBON_ROSKOGO_So_220301_macro_blank_1
EMOBON ROSKOGO So220303 micro 1,EMOBON metagenome sediment sample from station ROSKOGO collected on 2022-03-03 community collected micro,412755,marine sediment metagenome,metagenome,sediment [ENVO:00002007],2022-03-03,ROSKOGO_So_220303,Daguin Comtet Camusat etal,,low_tide,micro,17,1,NA,NA,core,SoSOP2,,2022-03-03,SBR YD001 freezer 17,-80,Claire Daguin-Thiebaut,0000-0003-4665-6411,,,N,9.9,2022-10-11,2022-10-13,-70,2022-07-18,2022-07-18,NA,NA,NA,EMOBON_ROSKOGO_So_220303_micro_1
EMOBON ROSKOGO So220303 micro 2,EMOBON metagenome sediment sample from station ROSKOGO collected on 2022-03-03 community collected micro,412755,marine sediment metagenome,metagenome,sediment [ENVO:00002007],2022-03-03,ROSKOGO_So_220303,Daguin Comtet Camusat etal,,low_tide,micro,17,2,NA,NA,core,SoSOP2,,2022-03-03,SBR YD001 freezer 17,-80,Claire Daguin-Thiebaut,0000-0003-4665-6411,,,N,10.6,2022-10-11,2022-10-13,-70,2022-07-18,2022-07-18,NA,NA,NA,EMOBON_ROSKOGO_So_220303_micro_2
EMOBON ROSKOGO So220303 micro 3,EMOBON metagenome sediment sample from station ROSKOGO collected on 2022-03-03 community collected micro,412755,marine sediment metagenome,metagenome,sediment [ENVO:00002007],2022-03-03,ROSKOGO_So_220303,Daguin Comtet Camusat etal,,low_tide,micro,17,3,NA,NA,core,SoSOP2,,2022-03-03,SBR YD001 freezer 17,-80,Claire Daguin-Thiebaut,0000-0003-4665-6411,,,Y,11.4,NA,NA,NA,NA,NA,NA,NA,NA,EMOBON_ROSKOGO_So_220303_micro_3
EMOBON ROSKOGO So220303 micro 4,EMOBON metagenome sediment sample from station ROSKOGO collected on 2022-03-03 community collected micro,412755,marine sediment metagenome,metagenome,sediment [ENVO:00002007],2022-03-03,ROSKOGO_So_220303,Daguin Comtet Camusat etal,,low_tide,micro,17,4,NA,NA,core,SoSOP2,,2022-03-03,SBR YD001 freezer 17,-80,Claire Daguin-Thiebaut,0000-0003-4665-6411,,,Y,10.1,NA,NA,NA,NA,NA,NA,NA,NA,EMOBON_ROSKOGO_So_220303_micro_4
EMOBON ROSKOGO So220303 micro blank,EMOBON metagenome sediment sample from station ROSKOGO collected on 2022-03-03 community collected micro,32644,unidentified,metagenome,swab,2022-03-03,ROSKOGO_So_220303,Daguin Comtet Camusat etal,,low_tide,micro,17,blank_1,NA,NA,swab,SoSOP2,,2022-03-03,SBR YD001 freezer 17,-80,Claire Daguin-Thiebaut,0000-0003-4665-6411,,,Y,NA,NA,NA,NA,NA,NA,NA,NA,NA,EMOBON_ROSKOGO_So_220303_micro_blank_1
EMOBON ROSKOGO So220425 blank,EMOBON metagenome sediment sample from station ROSKOGO collected on 2022-04-25 community collected ,32644,unidentified,metagenome,swab,2022-04-25,ROSKOGO_So_220425,Daguin Comtet Camusat etal,,,,,blank_1,NA,NA,swab,SoSOP2,,2022-04-25,SBR YD001 freezer 17,-80,Claire Daguin-Thiebaut,0000-0003-4665-6411,,,Y,NA,,,,NA,NA,NA,NA,NA,EMOBON_ROSKOGO_So_220425__blank_1
EMOBON ROSKOGO So220425 meio 1,EMOBON mimarks-specimen sediment sample from station ROSKOGO collected on 2022-04-25 community collected meio,33208,Metazoa ,mimarks-specimen,sediment [ENVO:00002007],2022-04-25,ROSKOGO_So_220425,Daguin Comtet Camusat etal,,high_tide,meio,,1,NA,NA,core,SoSOP2,half part of the 5cm superior of the core / mixed from 4 cores,2022-04-25,SBR YD101.1 C27,-20,Claire Daguin-Thiebaut,0000-0003-4665-6411,,,N,373.1,2023-09-19,2023-09-21,-70,NA,NA,NA,NA,NA,EMOBON_ROSKOGO_So_220425_meio_1
EMOBON ROSKOGO So220425 meio 2,EMOBON mimarks-specimen sediment sample from station ROSKOGO collected on 2022-04-25 community collected meio,33208,Metazoa ,mimarks-specimen,sediment [ENVO:00002007],2022-04-25,ROSKOGO_So_220425,Daguin Comtet Camusat etal,,high_tide,meio,,2,NA,NA,core,SoSOP2,,2022-04-25,SBR YD101.1 C27,-20,Claire Daguin-Thiebaut,0000-0003-4665-6411,,,N,400,2023-09-19,2023-09-21,-70,NA,NA,NA,NA,NA,EMOBON_ROSKOGO_So_220425_meio_2
EMOBON ROSKOGO So220425 meio 3,EMOBON mimarks-specimen sediment sample from station ROSKOGO collected on 2022-04-25 community collected meio,33208,Metazoa ,mimarks-specimen,sediment [ENVO:00002007],2022-04-25,ROSKOGO_So_220425,Daguin Comtet Camusat etal,,high_tide,meio,,3,NA,NA,core,SoSOP2,,2022-04-25,SBR YD101.1 C27,-20,Claire Daguin-Thiebaut,0000-0003-4665-6411,,,Y,360,NA,NA,NA,NA,NA,NA,NA,NA,EMOBON_ROSKOGO_So_220425_meio_3
EMOBON ROSKOGO So220425 meio 4,EMOBON mimarks-specimen sediment sample from station ROSKOGO collected on 2022-04-25 community collected meio,33208,Metazoa ,mimarks-specimen,sediment [ENVO:00002007],2022-04-25,ROSKOGO_So_220425,Daguin Comtet Camusat etal,,high_tide,meio,,4,NA,NA,core,SoSOP2,,2022-04-25,SBR YD101.1 C27,-20,Claire Daguin-Thiebaut,0000-0003-4665-6411,,,Y,401,NA,NA,NA,NA,NA,NA,NA,NA,EMOBON_ROSKOGO_So_220425_meio_4
EMOBON ROSKOGO So220425 micro 1,EMOBON metagenome sediment sample from station ROSKOGO collected on 2022-04-25 community collected micro,412755,marine sediment metagenome,metagenome,sediment [ENVO:00002007],2022-04-25,ROSKOGO_So_220425,Daguin Comtet Camusat etal,,high_tide,micro,,1,NA,NA,core,SoSOP2,,2022-04-25,SBR YD001 freezer 17,-80,Claire Daguin-Thiebaut,0000-0003-4665-6411,,,N,10.6,2022-10-11,2022-10-13,-70,2022-07-18,2022-07-18,NA,NA,NA,EMOBON_ROSKOGO_So_220425_micro_1
EMOBON ROSKOGO So220425 micro 2,EMOBON metagenome sediment sample from station ROSKOGO collected on 2022-04-25 community collected micro,412755,marine sediment metagenome,metagenome,sediment [ENVO:00002007],2022-04-25,ROSKOGO_So_220425,Daguin Comtet Camusat etal,,high_tide,micro,,2,NA,NA,core,SoSOP2,,2022-04-25,SBR YD001 freezer 17,-80,Claire Daguin-Thiebaut,0000-0003-4665-6411,,,N,10.1,2022-10-11,2022-10-13,-70,2022-07-18,2022-07-18,NA,NA,NA,EMOBON_ROSKOGO_So_220425_micro_2
EMOBON ROSKOGO So220425 micro 3,EMOBON metagenome sediment sample from station ROSKOGO collected on 2022-04-25 community collected micro,412755,marine sediment metagenome,metagenome,sediment [ENVO:00002007],2022-04-25,ROSKOGO_So_220425,Daguin Comtet Camusat etal,,high_tide,micro,,3,NA,NA,core,SoSOP2,,2022-04-25,SBR YD001 freezer 17,-80,Claire Daguin-Thiebaut,0000-0003-4665-6411,,,Y,10.5,NA,NA,NA,NA,NA,NA,NA,NA,EMOBON_ROSKOGO_So_220425_micro_3
EMOBON ROSKOGO So220425 micro 4,EMOBON metagenome sediment sample from station ROSKOGO collected on 2022-04-25 community collected micro,412755,marine sediment metagenome,metagenome,sediment [ENVO:00002007],2022-04-25,ROSKOGO_So_220425,Daguin Comtet Camusat etal,,high_tide,micro,,4,NA,NA,core,SoSOP2,,2022-04-25,SBR YD001 freezer 17,-80,Claire Daguin-Thiebaut,0000-0003-4665-6411,,,Y,10.3,NA,NA,NA,NA,NA,NA,NA,NA,EMOBON_ROSKOGO_So_220425_micro_4
EMOBON ROSKOGO So220623 meio 1,EMOBON mimarks-specimen sediment sample from station ROSKOGO collected on 2022-06-23 community collected meio,33208,Metazoa ,mimarks-specimen,sediment [ENVO:00002007],2022-06-23,ROSKOGO_So_220623,Daguin Comtet Camusat Fontana,,high_tide,meio,23,1,NA,NA,core,SoSOP2,,2022-06-23,SBR YD101.1 C27,-20,Claire Daguin-Thiebaut,0000-0003-4665-6411,,,N,475.9,2023-09-19,2023-09-21,-70,NA,NA,NA,NA,NA,EMOBON_ROSKOGO_So_220623_meio_1
EMOBON ROSKOGO So220623 meio 2,EMOBON mimarks-specimen sediment sample from station ROSKOGO collected on 2022-06-23 community collected meio,33208,Metazoa ,mimarks-specimen,sediment [ENVO:00002007],2022-06-23,ROSKOGO_So_220623,Daguin Comtet Camusat Fontana,,high_tide,meio,23,2,NA,NA,core,SoSOP2,,2022-06-23,SBR YD101.1 C27,-20,Claire Daguin-Thiebaut,0000-0003-4665-6411,,,N,462.8,2023-09-19,2023-09-21,-70,NA,NA,NA,NA,NA,EMOBON_ROSKOGO_So_220623_meio_2
EMOBON ROSKOGO So220623 meio 3,EMOBON mimarks-specimen sediment sample from station ROSKOGO collected on 2022-06-23 community collected meio,33208,Metazoa ,mimarks-specimen,sediment [ENVO:00002007],2022-06-23,ROSKOGO_So_220623,Daguin Comtet Camusat Fontana,,high_tide,meio,23,3,NA,NA,core,SoSOP2,,2022-06-23,SBR YD101.1 C27,-20,Claire Daguin-Thiebaut,0000-0003-4665-6411,,,Y,510.5,NA,NA,NA,NA,NA,NA,NA,NA,EMOBON_ROSKOGO_So_220623_meio_3
EMOBON ROSKOGO So220623 meio 4,EMOBON mimarks-specimen sediment sample from station ROSKOGO collected on 2022-06-23 community collected meio,33208,Metazoa ,mimarks-specimen,sediment [ENVO:00002007],2022-06-23,ROSKOGO_So_220623,Daguin Comtet Camusat Fontana,,high_tide,meio,23,4,NA,NA,core,SoSOP2,,2022-06-23,SBR YD101.1 C27,-20,Claire Daguin-Thiebaut,0000-0003-4665-6411,,,Y,544.9,NA,NA,NA,NA,NA,NA,NA,NA,EMOBON_ROSKOGO_So_220623_meio_4
EMOBON ROSKOGO So220623 micro 1,EMOBON metagenome sediment sample from station ROSKOGO collected on 2022-06-23 community collected micro,412755,marine sediment metagenome,metagenome,sediment [ENVO:00002007],2022-06-23,ROSKOGO_So_220623,Daguin Comtet Camusat Fontana,,high_tide,micro,23,1,NA,NA,core,SoSOP2,,2022-06-23,SBR YD001 freezer 17,-80,Claire Daguin-Thiebaut,0000-0003-4665-6411,,,N,11.8,2022-10-11,2022-10-13,-70,2022-07-18,2022-07-18,NA,NA,NA,EMOBON_ROSKOGO_So_220623_micro_1
EMOBON ROSKOGO So220623 micro 2,EMOBON metagenome sediment sample from station ROSKOGO collected on 2022-06-23 community collected micro,412755,marine sediment metagenome,metagenome,sediment [ENVO:00002007],2022-06-23,ROSKOGO_So_220623,Daguin Comtet Camusat Fontana,,high_tide,micro,23,2,NA,NA,core,SoSOP2,,2022-06-23,SBR YD001 freezer 17,-80,Claire Daguin-Thiebaut,0000-0003-4665-6411,,,N,9,2022-10-11,2022-10-13,-70,2022-07-18,2022-07-18,NA,NA,NA,EMOBON_ROSKOGO_So_220623_micro_2
EMOBON ROSKOGO So220623 micro 3,EMOBON metagenome sediment sample from station ROSKOGO collected on 2022-06-23 community collected micro,412755,marine sediment metagenome,metagenome,sediment [ENVO:00002007],2022-06-23,ROSKOGO_So_220623,Daguin Comtet Camusat Fontana,,high_tide,micro,23,3,NA,NA,core,SoSOP2,,2022-06-23,SBR YD001 freezer 17,-80,Claire Daguin-Thiebaut,0000-0003-4665-6411,,,Y,9.8,NA,NA,NA,NA,NA,NA,NA,NA,EMOBON_ROSKOGO_So_220623_micro_3
EMOBON ROSKOGO So220623 micro 4,EMOBON metagenome sediment sample from station ROSKOGO collected on 2022-06-23 community collected micro,412755,marine sediment metagenome,metagenome,sediment [ENVO:00002007],2022-06-23,ROSKOGO_So_220623,Daguin Comtet Camusat Fontana,,high_tide,micro,23,4,NA,NA,core,SoSOP2,,2022-06-23,SBR YD001 freezer 17,-80,Claire Daguin-Thiebaut,0000-0003-4665-6411,,,Y,10.5,NA,NA,NA,NA,NA,NA,NA,NA,EMOBON_ROSKOGO_So_220623_micro_4
EMOBON ROSKOGO So220623 micro blank,EMOBON metagenome sediment sample from station ROSKOGO collected on 2022-06-23 community collected micro,32644,unidentified,metagenome,swab,2022-06-23,ROSKOGO_So_220623,Daguin Comtet Camusat Fontana,,high_tide,micro,,blank_1,NA,NA,swab,SoSOP2,,2022-06-23,SBR YD001 freezer 17,-80,Claire Daguin-Thiebaut,0000-0003-4665-6411,,,Y,NA,NA,NA,NA,NA,NA,NA,NA,NA,EMOBON_ROSKOGO_So_220623_micro_blank_1
EMOBON ROSKOGO So220929 Macro 1,EMOBON mimarks-specimen sediment sample from station ROSKOGO collected on 2022-09-29 community collected macro,33208,Metazoa ,mimarks-specimen,sediment [ENVO:00002007],2022-09-29,ROSKOGO_So_220929,"Houbin, Daguin, Comtet",0000-0002-4572-3371,ebb_tide,macro,17,1,NA,NA,McIntyre grab,SoSOP3,,2022-09-29,SBR YD101.2 fridge R10,4,Céline Houbin,0000-0002-4572-3371,,,N,12.29,2023-09-19,2023-09-21,1899-10-21,NA,NA,NA,NA,NA,EMOBON_ROSKOGO_So_220929_macro_1
EMOBON ROSKOGO So220929 Macro 2,EMOBON mimarks-specimen sediment sample from station ROSKOGO collected on 2022-09-29 community collected macro,33208,Metazoa ,mimarks-specimen,sediment [ENVO:00002007],2022-09-29,ROSKOGO_So_220929,"Houbin, Daguin, Comtet",0000-0002-4572-3371,ebb_tide,macro,17,2,NA,NA,McIntyre grab,SoSOP3,,2022-09-29,SBR YD101.2 fridge R10,4,Céline Houbin,0000-0002-4572-3371,,,N,11.71,2023-09-19,2023-09-21,1899-10-21,NA,NA,NA,NA,NA,EMOBON_ROSKOGO_So_220929_macro_2
EMOBON ROSKOGO So220929 Macro 3,EMOBON mimarks-specimen sediment sample from station ROSKOGO collected on 2022-09-29 community collected macro,33208,Metazoa ,mimarks-specimen,sediment [ENVO:00002007],2022-09-29,ROSKOGO_So_220929,"Houbin, Daguin, Comtet",0000-0002-4572-3371,ebb_tide,macro,17,3,NA,NA,McIntyre grab,SoSOP3,,2022-09-29,SBR YD101.2 fridge R10,4,Céline Houbin,0000-0002-4572-3371,,,Y,5.4,NA,NA,NA,NA,NA,NA,NA,NA,EMOBON_ROSKOGO_So_220929_macro_3
EMOBON ROSKOGO So221027 meio 1,EMOBON mimarks-specimen sediment sample from station ROSKOGO collected on 2022-10-27 community collected meio,33208,Metazoa ,mimarks-specimen,sediment [ENVO:00002007],2022-10-27,ROSKOGO_So_221027,Daguin Comtet Camusat Thomas,,low_tide,meio,18,1,NA,NA,core,SoSOP2,,2022-10-27,SBR YD101.1 C27,-20,Claire Daguin-Thiebaut,0000-0003-4665-6411,,,N,425,2023-09-19,2023-09-21,1899-10-21,NA,NA,NA,NA,NA,EMOBON_ROSKOGO_So_221027_meio_1
EMOBON ROSKOGO So221027 meio 2,EMOBON mimarks-specimen sediment sample from station ROSKOGO collected on 2022-10-27 community collected meio,33208,Metazoa ,mimarks-specimen,sediment [ENVO:00002007],2022-10-27,ROSKOGO_So_221027,Daguin Comtet Camusat Thomas,,low_tide,meio,18,2,NA,NA,core,SoSOP2,,2022-10-27,SBR YD101.1 C27,-20,Claire Daguin-Thiebaut,0000-0003-4665-6411,,,N,419.5,2023-09-19,2023-09-21,1899-10-21,NA,NA,NA,NA,NA,EMOBON_ROSKOGO_So_221027_meio_2
EMOBON ROSKOGO So221027 meio 3,EMOBON mimarks-specimen sediment sample from station ROSKOGO collected on 2022-10-27 community collected meio,33208,Metazoa ,mimarks-specimen,sediment [ENVO:00002007],2022-10-27,ROSKOGO_So_221027,Daguin Comtet Camusat Thomas,,low_tide,meio,18,3,NA,NA,core,SoSOP2,,2022-10-27,SBR YD101.1 C27,-20,Claire Daguin-Thiebaut,0000-0003-4665-6411,,,Y,466.7,NA,NA,NA,NA,NA,NA,NA,NA,EMOBON_ROSKOGO_So_221027_meio_3
EMOBON ROSKOGO So221027 meio 4,EMOBON mimarks-specimen sediment sample from station ROSKOGO collected on 2022-10-27 community collected meio,33208,Metazoa ,mimarks-specimen,sediment [ENVO:00002007],2022-10-27,ROSKOGO_So_221027,Daguin Comtet Camusat Thomas,,low_tide,meio,18,4,NA,NA,core,SoSOP2,,2022-10-27,SBR YD101.1 C27,-20,Claire Daguin-Thiebaut,0000-0003-4665-6411,,,Y,481.8,NA,NA,NA,NA,NA,NA,NA,NA,EMOBON_ROSKOGO_So_221027_meio_4
EMOBON ROSKOGO So221027 micro 1,EMOBON metagenome sediment sample from station ROSKOGO collected on 2022-10-27 community collected micro,412755,marine sediment metagenome,metagenome,sediment [ENVO:00002007],2022-10-27,ROSKOGO_So_221027,Daguin Comtet Camusat Thomas,,low_tide,micro,18,1,NA,NA,core,SoSOP2,,2022-10-27,SBR YD001 freezer 17,-80,Claire Daguin-Thiebaut,0000-0003-4665-6411,,,N,10.4,2023-06-15,2022-06-19,-70,NA,NA,NA,NA,NA,EMOBON_ROSKOGO_So_221027_micro_1
EMOBON ROSKOGO So221027 micro 2,EMOBON metagenome sediment sample from station ROSKOGO collected on 2022-10-27 community collected micro,412755,marine sediment metagenome,metagenome,sediment [ENVO:00002007],2022-10-27,ROSKOGO_So_221027,Daguin Comtet Camusat Thomas,,low_tide,micro,18,2,NA,NA,core,SoSOP2,,2022-10-27,SBR YD001 freezer 17,-80,Claire Daguin-Thiebaut,0000-0003-4665-6411,,,N,11.8,2023-06-15,2022-06-19,-70,NA,NA,NA,NA,NA,EMOBON_ROSKOGO_So_221027_micro_2
EMOBON ROSKOGO So221027 micro 3,EMOBON metagenome sediment sample from station ROSKOGO collected on 2022-10-27 community collected micro,412755,marine sediment metagenome,metagenome,sediment [ENVO:00002007],2022-10-27,ROSKOGO_So_221027,Daguin Comtet Camusat Thomas,,low_tide,micro,18,3,NA,NA,core,SoSOP2,,2022-10-27,SBR YD001 freezer 17,-80,Claire Daguin-Thiebaut,0000-0003-4665-6411,,,Y,10.2,NA,NA,NA,NA,NA,NA,NA,NA,EMOBON_ROSKOGO_So_221027_micro_3
EMOBON ROSKOGO So221027 micro 4,EMOBON metagenome sediment sample from station ROSKOGO collected on 2022-10-27 community collected micro,412755,marine sediment metagenome,metagenome,sediment [ENVO:00002007],2022-10-27,ROSKOGO_So_221027,Daguin Comtet Camusat Thomas,,low_tide,micro,18,4,NA,NA,core,SoSOP2,,2022-10-27,SBR YD001 freezer 17,-80,Claire Daguin-Thiebaut,0000-0003-4665-6411,,,Y,10.6,NA,NA,NA,NA,NA,NA,NA,NA,EMOBON_ROSKOGO_So_221027_micro_4
EMOBON ROSKOGO So221027 micro blank,EMOBON metagenome sediment sample from station ROSKOGO collected on 2022-10-27 community collected micro,32644,unidentified,metagenome,swab,2022-10-27,ROSKOGO_So_221027,Daguin Comtet Camusat Thomas,,low_tide,micro,,blank_1,NA,NA,core,SoSOP2,,2022-10-27,SBR YD001 freezer 17,-80,Claire Daguin-Thiebaut,0000-0003-4665-6411,,,Y,NA,NA,NA,NA,NA,NA,NA,NA,NA,EMOBON_ROSKOGO_So_221027_micro_blank_1
EMOBON ROSKOGO So230103 micro 1,EMOBON metagenome sediment sample from station ROSKOGO collected on 2023-01-03 community collected micro,412755,marine sediment metagenome,metagenome,sediment [ENVO:00002007],2023-01-03,ROSKOGO_So_230103,Daguin Thiebaut Thomas Fontana,,low_tide,micro,,1,NA,NA,core,SoSOP2,,2023-01-03,SBR YD001 freezer 17,-80,Claire Daguin-Thiebaut,0000-0003-4665-6411,,,N,14,2023-06-15,2022-06-19,-70,NA,NA,NA,NA,NA,EMOBON_ROSKOGO_So_230103_micro_1
EMOBON ROSKOGO So230103 micro 2,EMOBON metagenome sediment sample from station ROSKOGO collected on 2023-01-03 community collected micro,412755,marine sediment metagenome,metagenome,sediment [ENVO:00002007],2023-01-03,ROSKOGO_So_230103,Daguin Thiebaut Thomas Fontana,,low_tide,micro,,2,NA,NA,core,SoSOP2,,2023-01-03,SBR YD001 freezer 17,-80,Claire Daguin-Thiebaut,0000-0003-4665-6411,,,N,11.4,2023-06-15,2022-06-19,-70,NA,NA,NA,NA,NA,EMOBON_ROSKOGO_So_230103_micro_2
EMOBON ROSKOGO So230103 micro 3,EMOBON metagenome sediment sample from station ROSKOGO collected on 2023-01-03 community collected micro,412755,marine sediment metagenome,metagenome,sediment [ENVO:00002007],2023-01-03,ROSKOGO_So_230103,Daguin Thiebaut Thomas Fontana,,low_tide,micro,,3,NA,NA,core,SoSOP2,,2023-01-03,SBR YD001 freezer 17,-80,Claire Daguin-Thiebaut,0000-0003-4665-6411,,,Y,13.2,NA,NA,NA,NA,NA,NA,NA,NA,EMOBON_ROSKOGO_So_230103_micro_3
EMOBON ROSKOGO So230103 micro 4,EMOBON metagenome sediment sample from station ROSKOGO collected on 2023-01-03 community collected micro,412755,marine sediment metagenome,metagenome,sediment [ENVO:00002007],2023-01-03,ROSKOGO_So_230103,Daguin Thiebaut Thomas Fontana,,low_tide,micro,,4,NA,NA,core,SoSOP2,,2023-01-03,SBR YD001 freezer 17,-80,Claire Daguin-Thiebaut,0000-0003-4665-6411,,,Y,11.5,NA,NA,NA,NA,NA,NA,NA,NA,EMOBON_ROSKOGO_So_230103_micro_4
EMOBON ROSKOGO So230103 micro blank,EMOBON metagenome sediment sample from station ROSKOGO collected on 2023-01-03 community collected micro,32644,unidentified,metagenome,sediment [ENVO:00002007],2023-01-03,ROSKOGO_So_230103,Daguin Thiebaut Thomas Fontana,,low_tide,micro,,blank_1,NA,NA,core,SoSOP2,,2023-01-03,SBR YD001 freezer 17,-80,Claire Daguin-Thiebaut,0000-0003-4665-6411,,,Y,NA,NA,NA,NA,NA,NA,NA,NA,NA,EMOBON_ROSKOGO_So_230103_micro_blank_1
EMOBON ROSKOGO So230215 micro 1,EMOBON metagenome sediment sample from station ROSKOGO collected on 2023-02-15 community collected micro,412755,marine sediment metagenome,metagenome,sediment [ENVO:00002007],2023-02-15,ROSKOGO_So_230215,Comtet Camusat Thomas,,high_tide,micro,,1,NA,NA,core,SoSOP2,,2023-02-15,SBR YD001 freezer 17,-80,Comtet,,,,N,10.4,2023-06-15,2022-06-19,-70,NA,NA,NA,NA,NA,EMOBON_ROSKOGO_So_230215_micro_1
EMOBON ROSKOGO So230215 micro 2,EMOBON metagenome sediment sample from station ROSKOGO collected on 2023-02-15 community collected micro,412755,marine sediment metagenome,metagenome,sediment [ENVO:00002007],2023-02-15,ROSKOGO_So_230215,Comtet Camusat Thomas,,high_tide,micro,,2,NA,NA,core,SoSOP2,,2023-02-15,SBR YD001 freezer 17,-80,Comtet,,,,N,10.6,2023-06-15,2022-06-19,-70,NA,NA,NA,NA,NA,EMOBON_ROSKOGO_So_230215_micro_2
EMOBON ROSKOGO So230215 micro 3,EMOBON metagenome sediment sample from station ROSKOGO collected on 2023-02-15 community collected micro,412755,marine sediment metagenome,metagenome,sediment [ENVO:00002007],2023-02-15,ROSKOGO_So_230215,Comtet Camusat Thomas,,high_tide,micro,,3,NA,NA,core,SoSOP2,,2023-02-15,SBR YD001 freezer 17,-80,Comtet,,,,Y,10.6,NA,NA,NA,NA,NA,NA,NA,NA,EMOBON_ROSKOGO_So_230215_micro_3
EMOBON ROSKOGO So230215 micro 4,EMOBON metagenome sediment sample from station ROSKOGO collected on 2023-02-15 community collected micro,412755,marine sediment metagenome,metagenome,sediment [ENVO:00002007],2023-02-15,ROSKOGO_So_230215,Comtet Camusat Thomas,,high_tide,micro,,4,NA,NA,core,SoSOP2,,2023-02-15,SBR YD001 freezer 17,-80,Comtet,,,,Y,10,NA,NA,NA,NA,NA,NA,NA,NA,EMOBON_ROSKOGO_So_230215_micro_4
EMOBON ROSKOGO So230215 micro blank,EMOBON metagenome sediment sample from station ROSKOGO collected on 2023-02-15 community collected micro,32644,unidentified,metagenome,sediment [ENVO:00002007],2023-02-15,ROSKOGO_So_230215,Comtet Camusat Thomas,,high_tide,micro,,blank_1,NA,NA,core,SoSOP2,,2023-02-15,SBR YD001 freezer 17,-80,Comtet,,,,Y,NA,NA,NA,NA,NA,NA,NA,NA,NA,EMOBON_ROSKOGO_So_230215_micro_blank_1
EMOBON ROSKOGO So230220 Macro blank,EMOBON mimarks-specimen sediment sample from station ROSKOGO collected on 2023-02-20 community collected ,32644,unidentified,mimarks-specimen,swab,2023-02-20,ROSKOGO_So_230220,Houbin Daguin Thiebaut,0000-0002-4572-3371,,,,blank_1,NA,NA,,,,2023-02-20,,,,,,,Y,NA,NA,NA,NA,NA,NA,NA,NA,NA,EMOBON_ROSKOGO_So_230220__blank_1
EMOBON ROSKOGO So230220 Macro 1,EMOBON mimarks-specimen sediment sample from station ROSKOGO collected on 2023-02-20 community collected macro,33208,Metazoa ,mimarks-specimen,sediment [ENVO:00002007],2023-02-20,ROSKOGO_So_230220,Houbin Daguin Thiebaut,0000-0002-4572-3371,ebb_tide,macro,,1,NA,NA,McIntyre grab,SoSOP3,,2023-02-20,SBR YD101.2 fridge R10,4,Claire Daguin-Thiebaut,0000-0003-4665-6411,,,N,10.25,2023-09-19,2023-09-21,-70,NA,NA,NA,NA,NA,EMOBON_ROSKOGO_So_230220_macro_1
EMOBON ROSKOGO So230220 Macro 2,EMOBON mimarks-specimen sediment sample from station ROSKOGO collected on 2023-02-20 community collected macro,33208,Metazoa ,mimarks-specimen,sediment [ENVO:00002007],2023-02-20,ROSKOGO_So_230220,Houbin Daguin Thiebaut,0000-0002-4572-3371,ebb_tide,macro,17,2,NA,NA,McIntyre grab,SoSOP3,,2023-02-20,SBR YD101.2 fridge R10,4,Claire Daguin-Thiebaut,0000-0003-4665-6411,,,N,11.8,2023-09-19,2023-09-21,-70,NA,NA,NA,NA,NA,EMOBON_ROSKOGO_So_230220_macro_2
EMOBON ROSKOGO So230220 Macro 3,EMOBON mimarks-specimen sediment sample from station ROSKOGO collected on 2023-02-20 community collected macro,33208,Metazoa ,mimarks-specimen,sediment [ENVO:00002007],2023-02-20,ROSKOGO_So_230220,Houbin Daguin Thiebaut,0000-0002-4572-3371,ebb_tide,macro,17,3,NA,NA,McIntyre grab,SoSOP3,,2023-02-20,SBR YD101.2 fridge R10,4,Claire Daguin-Thiebaut,0000-0003-4665-6411,,,Y,8.92,NA,NA,NA,NA,NA,NA,NA,NA,EMOBON_ROSKOGO_So_230220_macro_3
EMOBON ROSKOGO So230220 Macro 4,EMOBON mimarks-specimen sediment sample from station ROSKOGO collected on 2023-02-20 community collected macro,33208,Metazoa ,mimarks-specimen,sediment [ENVO:00002007],2023-02-20,ROSKOGO_So_230220,Houbin Daguin Thiebaut,0000-0002-4572-3371,ebb_tide,macro,17,4,NA,NA,McIntyre grab,SoSOP3,,2023-02-20,SBR YD101.2 fridge R10,4,Claire Daguin-Thiebaut,0000-0003-4665-6411,,,Y,9.63,NA,NA,NA,NA,NA,NA,NA,NA,EMOBON_ROSKOGO_So_230220_macro_4
EMOBON ROSKOGO So230412 meio 1,EMOBON mimarks-specimen sediment sample from station ROSKOGO collected on 2023-04-12 community collected meio,33208,Metazoa ,mimarks-specimen,sediment [ENVO:00002007],2023-04-12,ROSKOGO_So_230412,Comtet Camusat Thomas Castel,,,meio,24,1,NA,NA,core,SoSOP2,,2023-04-12,SBR YD101.1 C27,-20,Comtet,,,,N,574.8,2023-09-19,2023-09-21,-70,NA,NA,NA,NA,NA,EMOBON_ROSKOGO_So_230412_meio_1
EMOBON ROSKOGO So230412 meio 2,EMOBON mimarks-specimen sediment sample from station ROSKOGO collected on 2023-04-12 community collected meio,33208,Metazoa ,mimarks-specimen,sediment [ENVO:00002007],2023-04-12,ROSKOGO_So_230412,Comtet Camusat Thomas Castel,,,meio,24,2,NA,NA,core,SoSOP2,,2023-04-12,SBR YD101.1 C27,-20,Comtet,,,,N,691.3,2023-09-19,2023-09-21,-70,NA,NA,NA,NA,NA,EMOBON_ROSKOGO_So_230412_meio_2
EMOBON ROSKOGO So230412 meio 3,EMOBON mimarks-specimen sediment sample from station ROSKOGO collected on 2023-04-12 community collected meio,33208,Metazoa ,mimarks-specimen,sediment [ENVO:00002007],2023-04-12,ROSKOGO_So_230412,Comtet Camusat Thomas Castel,,,meio,24,3,NA,NA,core,SoSOP2,,2023-04-12,SBR YD101.1 C27,-20,Comtet,,,,Y,555.9,NA,NA,NA,NA,NA,NA,NA,NA,EMOBON_ROSKOGO_So_230412_meio_3
EMOBON ROSKOGO So230412 meio 4,EMOBON mimarks-specimen sediment sample from station ROSKOGO collected on 2023-04-12 community collected meio,33208,Metazoa ,mimarks-specimen,sediment [ENVO:00002007],2023-04-12,ROSKOGO_So_230412,Comtet Camusat Thomas Castel,,,meio,24,4,NA,NA,core,SoSOP2,,2023-04-12,SBR YD101.1 C27,-20,Comtet,,,,Y,585.4,NA,NA,NA,NA,NA,NA,NA,NA,EMOBON_ROSKOGO_So_230412_meio_4
EMOBON ROSKOGO So230412 micro 1,EMOBON metagenome sediment sample from station ROSKOGO collected on 2023-04-12 community collected micro,412755,marine sediment metagenome,metagenome,sediment [ENVO:00002007],2023-04-12,ROSKOGO_So_230412,Comtet Camusat Thomas Castel,,,micro,24,1,NA,NA,core,SoSOP2,,2023-04-12,SBR YD001 freezer 17,-80,Comtet,,,,N,10.2,2023-06-15,2022-06-19,-70,NA,NA,NA,NA,NA,EMOBON_ROSKOGO_So_230412_micro_1
EMOBON ROSKOGO So230412 micro 2,EMOBON metagenome sediment sample from station ROSKOGO collected on 2023-04-12 community collected micro,412755,marine sediment metagenome,metagenome,sediment [ENVO:00002007],2023-04-12,ROSKOGO_So_230412,Comtet Camusat Thomas Castel,,,micro,24,2,NA,NA,core,SoSOP2,,2023-04-12,SBR YD001 freezer 17,-80,Comtet,,,,N,10.1,2023-06-15,2022-06-19,-70,NA,NA,NA,NA,NA,EMOBON_ROSKOGO_So_230412_micro_2
EMOBON ROSKOGO So230412 micro 3,EMOBON metagenome sediment sample from station ROSKOGO collected on 2023-04-12 community collected micro,412755,marine sediment metagenome,metagenome,sediment [ENVO:00002007],2023-04-12,ROSKOGO_So_230412,Comtet Camusat Thomas Castel,,,micro,24,3,NA,NA,core,SoSOP2,,2023-04-12,SBR YD001 freezer 17,-80,Comtet,,,,Y,10.4,NA,NA,NA,NA,NA,NA,NA,NA,EMOBON_ROSKOGO_So_230412_micro_3
EMOBON ROSKOGO So230412 micro 4,EMOBON metagenome sediment sample from station ROSKOGO collected on 2023-04-12 community collected micro,412755,marine sediment metagenome,metagenome,sediment [ENVO:00002007],2023-04-12,ROSKOGO_So_230412,Comtet Camusat Thomas Castel,,,micro,24,4,NA,NA,core,SoSOP2,,2023-04-12,SBR YD001 freezer 17,-80,Comtet,,,,Y,10.2,NA,NA,NA,NA,NA,NA,NA,NA,EMOBON_ROSKOGO_So_230412_micro_4
EMOBON ROSKOGO So230412 micro blank,EMOBON metagenome sediment sample from station ROSKOGO collected on 2023-04-12 community collected micro,32644,unidentified,metagenome,swab,2023-04-12,ROSKOGO_So_230412,Comtet Camusat Thomas Castel,,,micro,24,blank_1,NA,NA,core,SoSOP2,,2023-04-12,SBR YD001 freezer 17,-80,Comtet,,,,Y,NA,NA,NA,NA,NA,NA,NA,NA,NA,EMOBON_ROSKOGO_So_230412_micro_blank_1
EMOBON ROSKOGO So230619 meio 1,EMOBON mimarks-specimen sediment sample from station ROSKOGO collected on 2023-06-19 community collected meio,33208,Metazoa ,mimarks-specimen,sediment [ENVO:00002007],2023-06-19,ROSKOGO_So_230619,Comtet Camusat Thomas Castel,,,meio,18,1,NA,NA,core,SoSOP2,,2023-06-19,SBR YD101.1 C27,-20,Comtet,,,,N,642.2,2023-09-19,2023-09-21,-70,NA,NA,NA,NA,NA,EMOBON_ROSKOGO_So_230619_meio_1
EMOBON ROSKOGO So230619 meio 2,EMOBON mimarks-specimen sediment sample from station ROSKOGO collected on 2023-06-19 community collected meio,33208,Metazoa ,mimarks-specimen,sediment [ENVO:00002007],2023-06-19,ROSKOGO_So_230619,Comtet Camusat Thomas Castel,,,meio,18,2,NA,NA,core,SoSOP2,,2023-06-19,SBR YD101.1 C27,-20,Comtet,,,,N,704.9,2023-09-19,2023-09-21,-70,NA,NA,NA,NA,NA,EMOBON_ROSKOGO_So_230619_meio_2
EMOBON ROSKOGO So230619 meio 3,EMOBON mimarks-specimen sediment sample from station ROSKOGO collected on 2023-06-19 community collected meio,33208,Metazoa ,mimarks-specimen,sediment [ENVO:00002007],2023-06-19,ROSKOGO_So_230619,Comtet Camusat Thomas Castel,,,meio,18,3,NA,NA,core,SoSOP2,,2023-06-19,SBR YD101.1 C27,-20,Comtet,,,,Y,558,NA,NA,NA,NA,NA,NA,NA,NA,EMOBON_ROSKOGO_So_230619_meio_3
EMOBON ROSKOGO So230619 meio 4,EMOBON mimarks-specimen sediment sample from station ROSKOGO collected on 2023-06-19 community collected meio,33208,Metazoa ,mimarks-specimen,sediment [ENVO:00002007],2023-06-19,ROSKOGO_So_230619,Comtet Camusat Thomas Castel,,,meio,18,4,NA,NA,core,SoSOP2,,2023-06-19,SBR YD101.1 C27,-20,Comtet,,,,Y,634.9,NA,NA,NA,NA,NA,NA,NA,NA,EMOBON_ROSKOGO_So_230619_meio_4
EMOBON ROSKOGO So230619 micro 1,EMOBON metagenome sediment sample from station ROSKOGO collected on 2023-06-19 community collected micro,412755,marine sediment metagenome,metagenome,sediment [ENVO:00002007],2023-06-19,ROSKOGO_So_230619,Comtet Camusat Thomas Castel,,,micro,18,1,NA,NA,core,SoSOP2,,2023-06-19,SBR YD001 freezer 17,-80,Comtet,,,,N,10.4,2023-09-19,2023-09-21,-70,NA,NA,NA,NA,NA,EMOBON_ROSKOGO_So_230619_micro_1
EMOBON ROSKOGO So230619 micro 2,EMOBON metagenome sediment sample from station ROSKOGO collected on 2023-06-19 community collected micro,412755,marine sediment metagenome,metagenome,sediment [ENVO:00002007],2023-06-19,ROSKOGO_So_230619,Comtet Camusat Thomas Castel,,,micro,18,2,NA,NA,core,SoSOP2,,2023-06-19,SBR YD001 freezer 17,-80,Comtet,,,,N,10.5,2023-09-19,2023-09-21,-70,NA,NA,NA,NA,NA,EMOBON_ROSKOGO_So_230619_micro_2
EMOBON ROSKOGO So230619 micro 3,EMOBON metagenome sediment sample from station ROSKOGO collected on 2023-06-19 community collected micro,412755,marine sediment metagenome,metagenome,sediment [ENVO:00002007],2023-06-19,ROSKOGO_So_230619,Comtet Camusat Thomas Castel,,,micro,18,3,NA,NA,core,SoSOP2,,2023-06-19,SBR YD001 freezer 17,-80,Comtet,,,,Y,9.9,NA,NA,NA,NA,NA,NA,NA,NA,EMOBON_ROSKOGO_So_230619_micro_3
EMOBON ROSKOGO So230619 micro 4,EMOBON metagenome sediment sample from station ROSKOGO collected on 2023-06-19 community collected micro,412755,marine sediment metagenome,metagenome,sediment [ENVO:00002007],2023-06-19,ROSKOGO_So_230619,Comtet Camusat Thomas Castel,,,micro,18,4,NA,NA,core,SoSOP2,,2023-06-19,SBR YD001 freezer 17,-80,Comtet,,,,Y,10.5,NA,NA,NA,NA,NA,NA,NA,NA,EMOBON_ROSKOGO_So_230619_micro_4
EMOBON ROSKOGO So230619 micro blank,EMOBON metagenome sediment sample from station ROSKOGO collected on 2023-06-19 community collected micro,32644,unidentified,metagenome,swab,2023-06-19,ROSKOGO_So_230619,Comtet Camusat Thomas Castel,,,micro,18,blank_1,NA,NA,core,SoSOP2,,2023-06-19,SBR YD001 freezer 17,-80,Comtet,,,,Y,NA,2023-09-19,2023-09-21,-70,NA,NA,NA,NA,NA,EMOBON_ROSKOGO_So_230619_micro_blank_1
EMOBON ROSKOGO So230816 micro 1,EMOBON metagenome sediment sample from station ROSKOGO collected on 2023-08-16 community collected micro,412755,marine sediment metagenome,metagenome,sediment [ENVO:00002007],2023-08-16,ROSKOGO_So_230816,Comtet Camusat Thomas Castel,,,micro,,1,NA,NA,core,SoSOP2,,2023-08-16,SBR YD001 freezer 17,-80,Comtet,,,,,10,2023-09-19,2023-09-21,-70,NA,NA,NA,NA,NA,EMOBON_ROSKOGO_So_230816_micro_1
EMOBON ROSKOGO So230816 micro 2,EMOBON metagenome sediment sample from station ROSKOGO collected on 2023-08-16 community collected micro,412755,marine sediment metagenome,metagenome,sediment [ENVO:00002007],2023-08-16,ROSKOGO_So_230816,Comtet Camusat Thomas Castel,,,micro,,2,NA,NA,core,SoSOP2,,2023-08-16,SBR YD001 freezer 17,-80,Comtet,,,,,10.2,2023-09-19,2023-09-21,-70,NA,NA,NA,NA,NA,EMOBON_ROSKOGO_So_230816_micro_2
EMOBON ROSKOGO So230816 micro 3,EMOBON metagenome sediment sample from station ROSKOGO collected on 2023-08-16 community collected micro,412755,marine sediment metagenome,metagenome,sediment [ENVO:00002007],2023-08-16,ROSKOGO_So_230816,Comtet Camusat Thomas Castel,,,micro,,3,NA,NA,core,SoSOP2,,2023-08-16,SBR YD001 freezer 17,-80,Comtet,,,,,9.9,NA,NA,NA,NA,NA,NA,NA,NA,EMOBON_ROSKOGO_So_230816_micro_3
EMOBON ROSKOGO So230816 micro 4,EMOBON metagenome sediment sample from station ROSKOGO collected on 2023-08-16 community collected micro,412755,marine sediment metagenome,metagenome,sediment [ENVO:00002007],2023-08-16,ROSKOGO_So_230816,Comtet Camusat Thomas Castel,,,micro,,4,NA,NA,core,SoSOP2,,2023-08-16,SBR YD001 freezer 17,-80,Comtet,,,,,10.2,NA,NA,NA,NA,NA,NA,NA,NA,EMOBON_ROSKOGO_So_230816_micro_4
EMOBON ROSKOGO So230816 micro blank,EMOBON metagenome sediment sample from station ROSKOGO collected on 2023-08-16 community collected micro,32644,unidentified,metagenome,swab,2023-08-16,ROSKOGO_So_230816,Comtet Camusat Thomas Castel,,,micro,,blank_1,NA,NA,core,SoSOP2,,2023-08-16,SBR YD001 freezer 17,-80,Comtet,,,,,NA,NA,NA,NA,NA,NA,NA,NA,NA,EMOBON_ROSKOGO_So_230816_micro_blank_1
EMOBON ROSKOGO So230925 Macro 1,EMOBON mimarks-specimen sediment sample from station ROSKOGO collected on 2023-09-25 community collected macro,33208,Metazoa ,mimarks-specimen,sediment [ENVO:00002007],2023-09-25,ROSKOGO_So_230925,Houbin Castel,,,macro,,1,NA,NA,McIntyre grab,SoSOP3,,2023-09-25,SBR YD101.2 fridge R10,4,Castel,,,,N,NA,NA,NA,NA,NA,NA,NA,NA,NA,EMOBON_ROSKOGO_So_230925_macro_1
EMOBON ROSKOGO So230925 Macro 2,EMOBON mimarks-specimen sediment sample from station ROSKOGO collected on 2023-09-25 community collected macro,33208,Metazoa ,mimarks-specimen,sediment [ENVO:00002007],2023-09-25,ROSKOGO_So_230925,Houbin Castel,,,macro,,2,NA,NA,McIntyre grab,SoSOP3,,2023-09-25,SBR YD101.2 fridge R10,4,Castel,,,,N,NA,NA,NA,NA,NA,NA,NA,NA,NA,EMOBON_ROSKOGO_So_230925_macro_2
EMOBON ROSKOGO So230925 Macro 3,EMOBON mimarks-specimen sediment sample from station ROSKOGO collected on 2023-09-25 community collected macro,33208,Metazoa ,mimarks-specimen,sediment [ENVO:00002007],2023-09-25,ROSKOGO_So_230925,Houbin Castel,,,macro,,3,NA,NA,McIntyre grab,SoSOP3,,2023-09-25,SBR YD101.2 fridge R10,4,Castel,,,,Y,NA,NA,NA,NA,NA,NA,NA,NA,NA,EMOBON_ROSKOGO_So_230925_macro_3
EMOBON ROSKOGO So230925 Macro 4,EMOBON mimarks-specimen sediment sample from station ROSKOGO collected on 2023-09-25 community collected macro,33208,Metazoa ,mimarks-specimen,sediment [ENVO:00002007],2023-09-25,ROSKOGO_So_230925,Houbin Castel,,,macro,,4,NA,NA,McIntyre grab,SoSOP3,,2023-09-25,SBR YD101.2 fridge R10,4,Castel,,,,Y,NA,NA,NA,NA,NA,NA,NA,NA,NA,EMOBON_ROSKOGO_So_230925_macro_4
EMOBON ROSKOGO So230925 Macro blank,EMOBON mimarks-specimen sediment sample from station ROSKOGO collected on 2023-09-25 community collected macro,32644,unidentified,mimarks-specimen,swab,2023-09-25,ROSKOGO_So_230925,Houbin Castel,,,macro,,blank_1,NA,NA,,SoSOP3,,2023-09-25,SBR YD101.2 fridge R10,4,Castel,,,,Y,NA,NA,NA,NA,NA,NA,NA,NA,NA,EMOBON_ROSKOGO_So_230925_macro_blank_1
EMOBON ROSKOGO So231016 meio 1,EMOBON mimarks-survey sediment sample from station ROSKOGO collected on 2023-10-16 community collected meio,33208,Metazoa ,mimarks-survey,sediment [ENVO:00002007],2023-10-16,ROSKOGO_So_231016,Comtet Camusat Thomas Castel,,,meio,,1,NA,,core,SoSOP2,,2023-10-16,SBR YD001 freezer 17,-80,Castel,,,,,560.5,NA,NA,NA,NA,NA,NA,NA,NA,EMOBON_ROSKOGO_So_231016_meio_1
EMOBON ROSKOGO So231016 meio 2,EMOBON mimarks-specimen sediment sample from station ROSKOGO collected on 2023-10-16 community collected meio,33208,Metazoa ,mimarks-specimen,sediment [ENVO:00002007],2023-10-16,ROSKOGO_So_231016,Comtet Camusat Thomas Castel,,,meio,,2,NA,,core,SoSOP2,,2023-10-16,SBR YD001 freezer 17,-80,Castel,,,,,727,NA,NA,NA,NA,NA,NA,NA,NA,EMOBON_ROSKOGO_So_231016_meio_2
EMOBON ROSKOGO So231016 meio 3,EMOBON mimarks-specimen sediment sample from station ROSKOGO collected on 2023-10-16 community collected meio,33208,Metazoa ,mimarks-specimen,sediment [ENVO:00002007],2023-10-16,ROSKOGO_So_231016,Comtet Camusat Thomas Castel,,,meio,,3,NA,,core,SoSOP2,,2023-10-16,SBR YD001 freezer 17,-80,Castel,,,,,584.5,NA,NA,NA,NA,NA,NA,NA,NA,EMOBON_ROSKOGO_So_231016_meio_3
EMOBON ROSKOGO So231016 meio 4,EMOBON mimarks-specimen sediment sample from station ROSKOGO collected on 2023-10-16 community collected meio,33208,Metazoa ,mimarks-specimen,sediment [ENVO:00002007],2023-10-16,ROSKOGO_So_231016,Comtet Camusat Thomas Castel,,,meio,,4,NA,,core,SoSOP2,,2023-10-16,SBR YD001 freezer 17,-80,Castel,,,,,565.8,NA,NA,NA,NA,NA,NA,NA,NA,EMOBON_ROSKOGO_So_231016_meio_4
EMOBON ROSKOGO So231016 micro 1,EMOBON metagenome sediment sample from station ROSKOGO collected on 2023-10-16 community collected micro,412755,marine sediment metagenome,metagenome,sediment [ENVO:00002007],2023-10-16,ROSKOGO_So_231016,Comtet Camusat Thomas Castel,,,micro,,1,NA,,core,SoSOP2,,2023-10-16,SBR YD001 freezer 17,-80,Castel,,,,,10.1,NA,NA,NA,NA,NA,NA,NA,NA,EMOBON_ROSKOGO_So_231016_micro_1
EMOBON ROSKOGO So231016 micro 2,EMOBON metagenome sediment sample from station ROSKOGO collected on 2023-10-16 community collected micro,412755,marine sediment metagenome,metagenome,sediment [ENVO:00002007],2023-10-16,ROSKOGO_So_231016,Comtet Camusat Thomas Castel,,,micro,,2,NA,,core,SoSOP2,,2023-10-16,SBR YD001 freezer 17,-80,Castel,,,,,9.9,NA,NA,NA,NA,NA,NA,NA,NA,EMOBON_ROSKOGO_So_231016_micro_2
EMOBON ROSKOGO So231016 micro 3,EMOBON metagenome sediment sample from station ROSKOGO collected on 2023-10-16 community collected micro,412755,marine sediment metagenome,metagenome,sediment [ENVO:00002007],2023-10-16,ROSKOGO_So_231016,Comtet Camusat Thomas Castel,,,micro,,3,NA,,core,SoSOP2,,2023-10-16,SBR YD001 freezer 17,-80,Castel,,,,,11,NA,NA,NA,NA,NA,NA,NA,NA,EMOBON_ROSKOGO_So_231016_micro_3
EMOBON ROSKOGO So231016 micro 4,EMOBON metagenome sediment sample from station ROSKOGO collected on 2023-10-16 community collected micro,412755,marine sediment metagenome,metagenome,sediment [ENVO:00002007],2023-10-16,ROSKOGO_So_231016,Comtet Camusat Thomas Castel,,,micro,,4,NA,,core,SoSOP2,,2023-10-16,SBR YD001 freezer 17,-80,Castel,,,,,10,NA,NA,NA,NA,NA,NA,NA,NA,EMOBON_ROSKOGO_So_231016_micro_4
EMOBON ROSKOGO So231016 micro blank,EMOBON metagenome sediment sample from station ROSKOGO collected on 2023-10-16 community collected micro,32644,unidentified,metagenome,swab,2023-10-16,ROSKOGO_So_231016,Comtet Camusat Thomas Castel,,,micro,,blank_1,NA,,core,SoSOP2,,2023-10-16,SBR YD001 freezer 17,-80,Castel,,,,,NA,NA,NA,NA,NA,NA,NA,NA,NA,EMOBON_ROSKOGO_So_231016_micro_blank_1
EMOBON ROSKOGO So231211 micro 1,EMOBON metagenome sediment sample from station ROSKOGO collected on 2023-12-11 community collected micro,412755,marine sediment metagenome,metagenome,sediment [ENVO:00002007],2023-12-11,ROSKOGO_So_231211,Comtet Camusat Thomas Castel,,,micro,,1,NA,NA,core,SoSOP2,,2023-12-11,SBR YD001 freezer 17,-80,Comtet,,,,,10,NA,NA,NA,NA,NA,NA,NA,NA,EMOBON_ROSKOGO_So_231211_micro_1
EMOBON ROSKOGO So231211 micro 2,EMOBON metagenome sediment sample from station ROSKOGO collected on 2023-12-11 community collected micro,412755,marine sediment metagenome,metagenome,sediment [ENVO:00002007],2023-12-11,ROSKOGO_So_231211,Comtet Camusat Thomas Castel,,,micro,,2,NA,NA,core,SoSOP2,,2023-12-11,SBR YD001 freezer 17,-80,Comtet,,,,,10.1,NA,NA,NA,NA,NA,NA,NA,NA,EMOBON_ROSKOGO_So_231211_micro_2
EMOBON ROSKOGO So231211 micro 3,EMOBON metagenome sediment sample from station ROSKOGO collected on 2023-12-11 community collected micro,412755,marine sediment metagenome,metagenome,sediment [ENVO:00002007],2023-12-11,ROSKOGO_So_231211,Comtet Camusat Thomas Castel,,,micro,,3,NA,NA,core,SoSOP2,,2023-12-11,SBR YD001 freezer 17,-80,Comtet,,,,,10.2,NA,NA,NA,NA,NA,NA,NA,NA,EMOBON_ROSKOGO_So_231211_micro_3
EMOBON ROSKOGO So231211 micro 4,EMOBON metagenome sediment sample from station ROSKOGO collected on 2023-12-11 community collected micro,412755,marine sediment metagenome,metagenome,sediment [ENVO:00002007],2023-12-11,ROSKOGO_So_231211,Comtet Camusat Thomas Castel,,,micro,,4,NA,NA,core,SoSOP2,,2023-12-11,SBR YD001 freezer 17,-80,Comtet,,,,,10.7,NA,NA,NA,NA,NA,NA,NA,NA,EMOBON_ROSKOGO_So_231211_micro_4
EMOBON ROSKOGO So231211 micro blank,EMOBON metagenome sediment sample from station ROSKOGO collected on 2023-12-11 community collected micro,32644,unidentified,metagenome,swab,2023-12-11,ROSKOGO_So_231211,Comtet Camusat Thomas Castel,,,micro,,blank_1,NA,NA,core,SoSOP2,,2023-12-11,SBR YD001 freezer 17,-80,Comtet,,,,,NA,NA,NA,NA,NA,NA,NA,NA,NA,EMOBON_ROSKOGO_So_231211_micro_blank_1
EMOBON ROSKOGO So240221 Macro 1,EMOBON mimarks-specimen sediment sample from station ROSKOGO collected on 2024-02-21 community collected macro,33208,Metazoa ,mimarks-specimen,sediment [ENVO:00002007],2024-02-21,ROSKOGO_So_240221,Houbin Castel,,,macro,,1,NA,NA,McIntyre grab,SoSOP3,,2024-02-21,SBR YD101.2 fridge R10,4,Castel,,,,,NA,NA,NA,NA,NA,NA,NA,NA,NA,EMOBON_ROSKOGO_So_240221_macro_1
EMOBON ROSKOGO So240221 Macro 2,EMOBON mimarks-specimen sediment sample from station ROSKOGO collected on 2024-02-21 community collected macro,33208,Metazoa ,mimarks-specimen,sediment [ENVO:00002007],2024-02-21,ROSKOGO_So_240221,Houbin Castel,,,macro,,2,NA,NA,McIntyre grab,SoSOP3,,2024-02-21,SBR YD101.2 fridge R10,4,Castel,,,,,NA,NA,NA,NA,NA,NA,NA,NA,NA,EMOBON_ROSKOGO_So_240221_macro_2
EMOBON ROSKOGO So240221 Macro 3,EMOBON mimarks-specimen sediment sample from station ROSKOGO collected on 2024-02-21 community collected macro,33208,Metazoa ,mimarks-specimen,sediment [ENVO:00002007],2024-02-21,ROSKOGO_So_240221,Houbin Castel,,,macro,,3,NA,NA,McIntyre grab,SoSOP3,,2024-02-21,SBR YD101.2 fridge R10,4,Castel,,,,,NA,NA,NA,NA,NA,NA,NA,NA,NA,EMOBON_ROSKOGO_So_240221_macro_3
EMOBON ROSKOGO So240221 Macro 4,EMOBON mimarks-specimen sediment sample from station ROSKOGO collected on 2024-02-21 community collected macro,33208,Metazoa ,mimarks-specimen,sediment [ENVO:00002007],2024-02-21,ROSKOGO_So_240221,Houbin Castel,,,macro,,4,NA,NA,McIntyre grab,SoSOP3,,2024-02-21,SBR YD101.2 fridge R10,4,Castel,,,,,NA,NA,NA,NA,NA,NA,NA,NA,NA,EMOBON_ROSKOGO_So_240221_macro_4
EMOBON ROSKOGO So240221 Macro blank,EMOBON mimarks-specimen sediment sample from station ROSKOGO collected on 2024-02-21 community collected macro,32644,unidentified,mimarks-specimen,swab,2024-02-21,ROSKOGO_So_240221,Houbin Castel,,,macro,,blank_1,NA,NA,,SoSOP3,,2024-02-21,SBR YD101.2 fridge R10,4,Castel,,,,,NA,NA,NA,NA,NA,NA,NA,NA,NA,EMOBON_ROSKOGO_So_240221_macro_blank_1
EMOBON ROSKOGO So240228 micro 1,EMOBON metagenome sediment sample from station ROSKOGO collected on 2024-02-28 community collected micro,412755,marine sediment metagenome,metagenome,sediment [ENVO:00002007],2024-02-28,ROSKOGO_So_240228,Comtet Camusat Thomas Castel,,,micro,,1,NA,NA,core,SoSOP2,,2024-02-28,SBR YD001 freezer 17,-80,Castel,,,,,10.5,NA,NA,NA,NA,NA,NA,NA,NA,EMOBON_ROSKOGO_So_240228_micro_1
EMOBON ROSKOGO So240228 micro 2,EMOBON metagenome sediment sample from station ROSKOGO collected on 2024-02-28 community collected micro,412755,marine sediment metagenome,metagenome,sediment [ENVO:00002007],2024-02-28,ROSKOGO_So_240228,Comtet Camusat Thomas Castel,,,micro,,2,NA,NA,core,SoSOP2,,2024-02-28,SBR YD001 freezer 17,-80,Castel,,,,,10,NA,NA,NA,NA,NA,NA,NA,NA,EMOBON_ROSKOGO_So_240228_micro_2
EMOBON ROSKOGO So240228 micro 3,EMOBON metagenome sediment sample from station ROSKOGO collected on 2024-02-28 community collected micro,412755,marine sediment metagenome,metagenome,sediment [ENVO:00002007],2024-02-28,ROSKOGO_So_240228,Comtet Camusat Thomas Castel,,,micro,,3,NA,NA,core,SoSOP2,,2024-02-28,SBR YD001 freezer 17,-80,Castel,,,,,11,NA,NA,NA,NA,NA,NA,NA,NA,EMOBON_ROSKOGO_So_240228_micro_3
EMOBON ROSKOGO So240228 micro 4,EMOBON metagenome sediment sample from station ROSKOGO collected on 2024-02-28 community collected micro,412755,marine sediment metagenome,metagenome,sediment [ENVO:00002007],2024-02-28,ROSKOGO_So_240228,Comtet Camusat Thomas Castel,,,micro,,4,NA,NA,core,SoSOP2,,2024-02-28,SBR YD001 freezer 17,-80,Castel,,,,,10,NA,NA,NA,NA,NA,NA,NA,NA,EMOBON_ROSKOGO_So_240228_micro_4
EMOBON ROSKOGO So240228 micro blank,EMOBON metagenome sediment sample from station ROSKOGO collected on 2024-02-28 community collected micro,32644,unidentified,metagenome,swab,2024-02-28,ROSKOGO_So_240228,Comtet Camusat Thomas Castel,,,micro,,blank_1,NA,NA,core,SoSOP2,,2024-02-28,SBR YD001 freezer 17,-80,Castel,,,,,NA,NA,NA,NA,NA,NA,NA,NA,NA,EMOBON_ROSKOGO_So_240228_micro_blank_1
EMOBON ROSKOGO So240425 micro 1,EMOBON metagenome sediment sample from station ROSKOGO collected on 2024-04-25 community collected micro,412755,marine sediment metagenome,metagenome,sediment [ENVO:00002007],2024-04-25,ROSKOGO_So_240425,Comtet Camusat Thomas Castel,,,micro,,1,,,core,SoSOP2,,2024-04-25,SBR YD001 freezer 17,-80,Castel,,,,,9.9,NA,NA,NA,NA,NA,NA,NA,NA,EMOBON_ROSKOGO_So_240425_micro_1
EMOBON ROSKOGO So240425 micro 2,EMOBON metagenome sediment sample from station ROSKOGO collected on 2024-04-25 community collected micro,412755,marine sediment metagenome,metagenome,sediment [ENVO:00002007],2024-04-25,ROSKOGO_So_240425,Comtet Camusat Thomas Castel,,,micro,,2,,,core,SoSOP2,,2024-04-25,SBR YD001 freezer 17,-80,Castel,,,,,10.2,NA,NA,NA,NA,NA,NA,NA,NA,EMOBON_ROSKOGO_So_240425_micro_2
EMOBON ROSKOGO So240425 micro 3,EMOBON metagenome sediment sample from station ROSKOGO collected on 2024-04-25 community collected micro,412755,marine sediment metagenome,metagenome,sediment [ENVO:00002007],2024-04-25,ROSKOGO_So_240425,Comtet Camusat Thomas Castel,,,micro,,3,,,core,SoSOP2,,2024-04-25,SBR YD001 freezer 17,-80,Castel,,,,,11,NA,NA,NA,NA,NA,NA,NA,NA,EMOBON_ROSKOGO_So_240425_micro_3
EMOBON ROSKOGO So240425 micro 4,EMOBON metagenome sediment sample from station ROSKOGO collected on 2024-04-25 community collected micro,412755,marine sediment metagenome,metagenome,sediment [ENVO:00002007],2024-04-25,ROSKOGO_So_240425,Comtet Camusat Thomas Castel,,,micro,,4,,,core,SoSOP2,,2024-04-25,SBR YD001 freezer 17,-80,Castel,,,,,11.3,NA,NA,NA,NA,NA,NA,NA,NA,EMOBON_ROSKOGO_So_240425_micro_4
EMOBON ROSKOGO So240425 micro blank,EMOBON metagenome sediment sample from station ROSKOGO collected on 2024-04-25 community collected micro,32644,unidentified,metagenome,swab,2024-04-25,ROSKOGO_So_240425,Comtet Camusat Thomas Castel,,,micro,,blank_1,,,core,SoSOP2,,2024-04-25,SBR YD001 freezer 17,-80,Castel,,,,,NA,NA,NA,NA,NA,NA,NA,NA,NA,EMOBON_ROSKOGO_So_240425_micro_blank_1
EMOBON ROSKOGO So240425 meio 1,EMOBON mimarks-specimen sediment sample from station ROSKOGO collected on 2024-04-25 community collected meio,33208,Metazoa ,mimarks-specimen,sediment [ENVO:00002007],2024-04-25,ROSKOGO_So_240425,Comtet Camusat Thomas Castel,,,meio,,1,,,core,SoSOP2,,2024-04-25,SBR YD101.1 C27,-20,Castel,,,,,503.4,NA,NA,NA,NA,NA,NA,NA,NA,EMOBON_ROSKOGO_So_240425_meio_1
EMOBON ROSKOGO So240425 meio 2,EMOBON mimarks-specimen sediment sample from station ROSKOGO collected on 2024-04-25 community collected meio,33208,Metazoa ,mimarks-specimen,sediment [ENVO:00002007],2024-04-25,ROSKOGO_So_240425,Comtet Camusat Thomas Castel,,,meio,,2,,,core,SoSOP2,,2024-04-25,SBR YD101.1 C27,-20,Castel,,,,,541.8,NA,NA,NA,NA,NA,NA,NA,NA,EMOBON_ROSKOGO_So_240425_meio_2
EMOBON ROSKOGO So240425 meio 3,EMOBON mimarks-specimen sediment sample from station ROSKOGO collected on 2024-04-25 community collected meio,33208,Metazoa ,mimarks-specimen,sediment [ENVO:00002007],2024-04-25,ROSKOGO_So_240425,Comtet Camusat Thomas Castel,,,meio,,3,,,core,SoSOP2,,2024-04-25,SBR YD101.1 C27,-20,Castel,,,,,619.6,NA,NA,NA,NA,NA,NA,NA,NA,EMOBON_ROSKOGO_So_240425_meio_3
EMOBON ROSKOGO So240425 meio 4,EMOBON mimarks-specimen sediment sample from station ROSKOGO collected on 2024-04-25 community collected meio,33208,Metazoa ,mimarks-specimen,sediment [ENVO:00002007],2024-04-25,ROSKOGO_So_240425,Comtet Camusat Thomas Castel,,,meio,,4,,,core,SoSOP2,,2024-04-25,SBR YD101.1 C27,-20,Castel,,,,,620.6,NA,NA,NA,NA,NA,NA,NA,NA,EMOBON_ROSKOGO_So_240425_meio_4
EMOBON ROSKOGO So240605 micro 1,EMOBON metagenome sediment sample from station ROSKOGO collected on 2024-06-05 community collected micro,412755,marine sediment metagenome,metagenome,sediment [ENVO:00002007],2024-06-05,ROSKOGO_So_240605,Comtet Camusat Thomas Castel,,,micro,,1,,,core,SoSOP2,,2024-06-05,SBR YD001 freezer 17,-80,Castel,,,,,10.3,,,,,,,,,EMOBON_ROSKOGO_So_240605_micro_1
EMOBON ROSKOGO So240605 micro 2,EMOBON metagenome sediment sample from station ROSKOGO collected on 2024-06-05 community collected micro,412755,marine sediment metagenome,metagenome,sediment [ENVO:00002007],2024-06-05,ROSKOGO_So_240605,Comtet Camusat Thomas Castel,,,micro,,2,,,core,SoSOP2,,2024-06-05,SBR YD001 freezer 17,-80,Castel,,,,,9.4,,,,,,,,,EMOBON_ROSKOGO_So_240605_micro_2
EMOBON ROSKOGO So240605 micro 3,EMOBON metagenome sediment sample from station ROSKOGO collected on 2024-06-05 community collected micro,412755,marine sediment metagenome,metagenome,sediment [ENVO:00002007],2024-06-05,ROSKOGO_So_240605,Comtet Camusat Thomas Castel,,,micro,,3,,,core,SoSOP2,,2024-06-05,SBR YD001 freezer 17,-80,Castel,,,,,9.5,,,,,,,,,EMOBON_ROSKOGO_So_240605_micro_3
EMOBON ROSKOGO So240605 micro 4,EMOBON metagenome sediment sample from station ROSKOGO collected on 2024-06-05 community collected micro,412755,marine sediment metagenome,metagenome,sediment [ENVO:00002007],2024-06-05,ROSKOGO_So_240605,Comtet Camusat Thomas Castel,,,micro,,4,,,core,SoSOP2,,2024-06-05,SBR YD001 freezer 17,-80,Castel,,,,,10.2,,,,,,,,,EMOBON_ROSKOGO_So_240605_micro_4
EMOBON ROSKOGO So240605 micro blank,EMOBON metagenome sediment sample from station ROSKOGO collected on 2024-06-05 community collected micro,32644,unidentified,metagenome,swab,2024-06-05,ROSKOGO_So_240605,Comtet Camusat Thomas Castel,,,micro,,blank_1,,,core,SoSOP2,,2024-06-05,SBR YD001 freezer 17,-80,Castel,,,,,NA,,,,,,,,,EMOBON_ROSKOGO_So_240605_micro_blank_1
EMOBON ROSKOGO So240605 meio 1,EMOBON mimarks-specimen sediment sample from station ROSKOGO collected on 2024-06-05 community collected meio,33208,Metazoa ,mimarks-specimen,sediment [ENVO:00002007],2024-06-05,ROSKOGO_So_240605,Comtet Camusat Thomas Castel,,,meio,,1,,,core,SoSOP2,,2024-06-05,SBR YD101.1 C27,-20,Castel,,,,,645.4,,,,,,,,,EMOBON_ROSKOGO_So_240605_meio_1
EMOBON ROSKOGO So240605 meio 2,EMOBON mimarks-specimen sediment sample from station ROSKOGO collected on 2024-06-05 community collected meio,33208,Metazoa ,mimarks-specimen,sediment [ENVO:00002007],2024-06-05,ROSKOGO_So_240605,Comtet Camusat Thomas Castel,,,meio,,2,,,core,SoSOP2,,2024-06-05,SBR YD101.1 C27,-20,Castel,,,,,594.4,,,,,,,,,EMOBON_ROSKOGO_So_240605_meio_2
EMOBON ROSKOGO So240605 meio 3,EMOBON mimarks-specimen sediment sample from station ROSKOGO collected on 2024-06-05 community collected meio,33208,Metazoa ,mimarks-specimen,sediment [ENVO:00002007],2024-06-05,ROSKOGO_So_240605,Comtet Camusat Thomas Castel,,,meio,,3,,,core,SoSOP2,,2024-06-05,SBR YD101.1 C27,-20,Castel,,,,,533.4,,,,,,,,,EMOBON_ROSKOGO_So_240605_meio_3
EMOBON ROSKOGO So240605 meio 4,EMOBON mimarks-specimen sediment sample from station ROSKOGO collected on 2024-06-05 community collected meio,33208,Metazoa ,mimarks-specimen,sediment [ENVO:00002007],2024-06-05,ROSKOGO_So_240605,Comtet Camusat Thomas Castel,,,meio,,4,,,core,SoSOP2,,2024-06-05,SBR YD101.1 C27,-20,Castel,,,,,488.2,,,,,,,,,EMOBON_ROSKOGO_So_240605_meio_4
EMOBON ROSKOGO So240807 micro 1,EMOBON metagenome sediment sample from station ROSKOGO collected on 2024-08-07 community collected micro,412755,marine sediment metagenome,metagenome,sediment [ENVO:00002007],2024-08-07,ROSKOGO_So_240807,Comtet Camusat Thomas Castel,,,micro,,1,,,core,SoSOP2,,2024-08-07,SBR YD001 freezer 17,-80,Castel,,,,,11.8,,,,,,,,,EMOBON_ROSKOGO_So_240807_micro_1
EMOBON ROSKOGO So240807 micro 2,EMOBON metagenome sediment sample from station ROSKOGO collected on 2024-08-07 community collected micro,412755,marine sediment metagenome,metagenome,sediment [ENVO:00002007],2024-08-07,ROSKOGO_So_240807,Comtet Camusat Thomas Castel,,,micro,,2,,,core,SoSOP2,,2024-08-07,SBR YD001 freezer 17,-80,Castel,,,,,9.8,,,,,,,,,EMOBON_ROSKOGO_So_240807_micro_2
EMOBON ROSKOGO So240807 micro 3,EMOBON metagenome sediment sample from station ROSKOGO collected on 2024-08-07 community collected micro,412755,marine sediment metagenome,metagenome,sediment [ENVO:00002007],2024-08-07,ROSKOGO_So_240807,Comtet Camusat Thomas Castel,,,micro,,3,,,core,SoSOP2,,2024-08-07,SBR YD001 freezer 17,-80,Castel,,,,,9.6,,,,,,,,,EMOBON_ROSKOGO_So_240807_micro_3
EMOBON ROSKOGO So240807 micro 4,EMOBON metagenome sediment sample from station ROSKOGO collected on 2024-08-07 community collected micro,412755,marine sediment metagenome,metagenome,sediment [ENVO:00002007],2024-08-07,ROSKOGO_So_240807,Comtet Camusat Thomas Castel,,,micro,,4,,,core,SoSOP2,,2024-08-07,SBR YD001 freezer 17,-80,Castel,,,,,14.7,,,,,,,,,EMOBON_ROSKOGO_So_240807_micro_4
EMOBON ROSKOGO So240807 micro blank,EMOBON metagenome sediment sample from station ROSKOGO collected on 2024-08-07 community collected micro,32644,unidentified,metagenome,swab,2024-08-07,ROSKOGO_So_240807,Comtet Camusat Thomas Castel,,,micro,,blank_1,,,core,SoSOP2,,2024-08-07,SBR YD001 freezer 17,-80,Castel,,,,,NA,,,,,,,,,EMOBON_ROSKOGO_So_240807_micro_blank_1
,,,,,,,,,,,,,,,,,,,,,,,,,,,,,,,,,,,,EMOBON___
,,,,,,,,,,,,,,,,,,,,,,,,,,,,,,,,,,,,EMOBON___
,,,,,,,,,,,,,,,,,,,,,,,,,,,,,,,,,,,,EMOBON___
,,,,,,,,,,,,,,,,,,,,,,,,,,,,,,,,,,,,EMOBON___
,,,,,,,,,,,,,,,,,,,,,,,,,,,,,,,,,,,,EMOBON___
,,,,,,,,,,,,,,,,,,,,,,,,,,,,,,,,,,,,EMOBON___
,,,,,,,,,,,,,,,,,,,,,,,,,,,,,,,,,,,,EMOBON___
,,,,,,,,,,,,,,,,,,,,,,,,,,,,,,,,,,,,EMOBON___
,,,,,,,,,,,,,,,,,,,,,,,,,,,,,,,,,,,,EMOBON___
,,,,,,,,,,,,,,,,,,,,,,,,,,,,,,,,,,,,EMOBON___
,,,,,,,,,,,,,,,,,,,,,,,,,,,,,,,,,,,,EMOBON___
,,,,,,,,,,,,,,,,,,,,,,,,,,,,,,,,,,,,EMOBON___
,,,,,,,,,,,,,,,,,,,,,,,,,,,,,,,,,,,,EMOBON___
,,,,,,,,,,,,,,,,,,,,,,,,,,,,,,,,,,,,EMOBON___
,,,,,,,,,,,,,,,,,,,,,,,,,,,,,,,,,,,,EMOBON___
,,,,,,,,,,,,,,,,,,,,,,,,,,,,,,,,,,,,EMOBON___
,,,,,,,,,,,,,,,,,,,,,,,,,,,,,,,,,,,,EMOBON___
,,,,,,,,,,,,,,,,,,,,,,,,,,,,,,,,,,,,EMOBON___
,,,,,,,,,,,,,,,,,,,,,,,,,,,,,,,,,,,,EMOBON___
,,,,,,,,,,,,,,,,,,,,,,,,,,,,,,,,,,,,EMOBON___
,,,,,,,,,,,,,,,,,,,,,,,,,,,,,,,,,,,,EMOBON___
,,,,,,,,,,,,,,,,,,,,,,,,,,,,,,,,,,,,EMOBON___
,,,,,,,,,,,,,,,,,,,,,,,,,,,,,,,,,,,,EMOBON___
,,,,,,,,,,,,,,,,,,,,,,,,,,,,,,,,,,,,EMOBON___
,,,,,,,,,,,,,,,,,,,,,,,,,,,,,,,,,,,,EMOBON___
,,,,,,,,,,,,,,,,,,,,,,,,,,,,,,,,,,,,EMOBON___
,,,,,,,,,,,,,,,,,,,,,,,,,,,,,,,,,,,,EMOBON___
,,,,,,,,,,,,,,,,,,,,,,,,,,,,,,,,,,,,EMOBON___
,,,,,,,,,,,,,,,,,,,,,,,,,,,,,,,,,,,,EMOBON___
,,,,,,,,,,,,,,,,,,,,,,,,,,,,,,,,,,,,EMOBON___
,,,,,,,,,,,,,,,,,,,,,,,,,,,,,,,,,,,,EMOBON___
,,,,,,,,,,,,,,,,,,,,,,,,,,,,,,,,,,,,EMOBON___
,,,,,,,,,,,,,,,,,,,,,,,,,,,,,,,,,,,,EMOBON___
,,,,,,,,,,,,,,,,,,,,,,,,,,,,,,,,,,,,EMOBON___
,,,,,,,,,,,,,,,,,,,,,,,,,,,,,,,,,,,,EMOBON___
,,,,,,,,,,,,,,,,,,,,,,,,,,,,,,,,,,,,EMOBON___
,,,,,,,,,,,,,,,,,,,,,,,,,,,,,,,,,,,,EMOBON___
,,,,,,,,,,,,,,,,,,,,,,,,,,,,,,,,,,,,EMOBON___
,,,,,,,,,,,,,,,,,,,,,,,,,,,,,,,,,,,,EMOBON___
,,,,,,,,,,,,,,,,,,,,,,,,,,,,,,,,,,,,EMOBON___
,,,,,,,,,,,,,,,,,,,,,,,,,,,,,,,,,,,,EMOBON___
,,,,,,,,,,,,,,,,,,,,,,,,,,,,,,,,,,,,EMOBON___
,,,,,,,,,,,,,,,,,,,,,,,,,,,,,,,,,,,,EMOBON___
,,,,,,,,,,,,,,,,,,,,,,,,,,,,,,,,,,,,EMOBON___
,,,,,,,,,,,,,,,,,,,,,,,,,,,,,,,,,,,,EMOBON___
,,,,,,,,,,,,,,,,,,,,,,,,,,,,,,,,,,,,EMOBON___
,,,,,,,,,,,,,,,,,,,,,,,,,,,,,,,,,,,,EMOBON___
,,,,,,,,,,,,,,,,,,,,,,,,,,,,,,,,,,,,EMOBON___
,,,,,,,,,,,,,,,,,,,,,,,,,,,,,,,,,,,,EMOBON___
,,,,,,,,,,,,,,,,,,,,,,,,,,,,,,,,,,,,EMOBON___
,,,,,,,,,,,,,,,,,,,,,,,,,,,,,,,,,,,,EMOBON___
,,,,,,,,,,,,,,,,,,,,,,,,,,,,,,,,,,,,EMOBON___
,,,,,,,,,,,,,,,,,,,,,,,,,,,,,,,,,,,,EMOBON___
,,,,,,,,,,,,,,,,,,,,,,,,,,,,,,,,,,,,EMOBON___
,,,,,,,,,,,,,,,,,,,,,,,,,,,,,,,,,,,,EMOBON___
,,,,,,,,,,,,,,,,,,,,,,,,,,,,,,,,,,,,EMOBON___
,,,,,,,,,,,,,,,,,,,,,,,,,,,,,,,,,,,,EMOBON___
,,,,,,,,,,,,,,,,,,,,,,,,,,,,,,,,,,,,EMOBON___
,,,,,,,,,,,,,,,,,,,,,,,,,,,,,,,,,,,,EMOBON___
,,,,,,,,,,,,,,,,,,,,,,,,,,,,,,,,,,,,EMOBON___
,,,,,,,,,,,,,,,,,,,,,,,,,,,,,,,,,,,,EMOBON___
,,,,,,,,,,,,,,,,,,,,,,,,,,,,,,,,,,,,EMOBON___
,,,,,,,,,,,,,,,,,,,,,,,,,,,,,,,,,,,,EMOBON___
,,,,,,,,,,,,,,,,,,,,,,,,,,,,,,,,,,,,EMOBON___
,,,,,,,,,,,,,,,,,,,,,,,,,,,,,,,,,,,,EMOBON___
,,,,,,,,,,,,,,,,,,,,,,,,,,,,,,,,,,,,EMOBON___