source_mat_id,sea_surf_temp,sea_surf_temp_method,ph,ph_method,sediment_temp,sediment_temp_method,redox_potential,redox_potential_method,alkalinity,alkalinity_method,ammonium,ammonium_method,bac_prod,bac_prod_method,biomass,biomass_method,chem_administration,chlorophyll,chlorophyll_method,diss_carb_dioxide,diss_carb_dioxide_method,diss_inorg_carb,diss_inorg_carb_method,diss_org_carb,diss_org_carb_method,diss_org_nitro,diss_org_nitro_method,diss_oxygen,diss_oxygen_method,magnesium,magnesium_method,methane,methane_method,n_alkanes,n_alkanes_method,nitrate,nitrate_method,nitrite,nitrite_method,organism_count,organism_count_method,oxy_stat_samp,part_org_carb,part_org_carb_method,part_org_nitro,part_org_nitro_method,particle_class,petroleum_hydrocarb,petroleum_hydrocarb_method,phaeopigments,phaeopigments_method,phosphate,phosphate_method,pigments,pigments_method,porosity,pressure,pressure_method,sea_surf_salinity,sea_surf_salinity_method,silicate,silicate_method,sulfate,sulfate_method,sulfide,sulfide_method,water_current,water_current_method
EMOBON_ROSKOGO_So_210826_micro_1,17,deduced from temperature measured at Estacade on 1/9/2021,,,,,,,,,,,,,,,,,,,,,,,,,,,,,,,,,,,,,,,,,,,,,,,,,,,,,,,,,,,,,,,,,,
EMOBON_ROSKOGO_So_210826_micro_2,17,deduced from temperature measured at Estacade on 1/9/2021,,,,,,,,,,,,,,,,,,,,,,,,,,,,,,,,,,,,,,,,,,,,,,,,,,,,,,,,,,,,,,,,,,
EMOBON_ROSKOGO_So_210826_micro_3,17,deduced from temperature measured at Estacade on 1/9/2021,,,,,,,,,,,,,,,,,,,,,,,,,,,,,,,,,,,,,,,,,,,,,,,,,,,,,,,,,,,,,,,,,,
EMOBON_ROSKOGO_So_210826_micro_4,17,deduced from temperature measured at Estacade on 1/9/2021,,,,,,,,,,,,,,,,,,,,,,,,,,,,,,,,,,,,,,,,,,,,,,,,,,,,,,,,,,,,,,,,,,
EMOBON_ROSKOGO_So_210826_micro_blank_1,irrelevant,,,,,,,,,,,,,,,,,,,,,,,,,,,,,,,,,,,,,,,,,,,,,,,,,,,,,,,,,,,,,,,,,,,
EMOBON_ROSKOGO_So_210923_macro_1,16.64,"SBE 19plus, Sea-Bird inc. sensor",,,16.56,"SBE 19plus, Sea-Bird inc. sensor",,,,,,,,,,,,,,,,,,,,,,,,,,,,,,,,,,,,,,,,,,,,,,,,,,,,,35.22,"SBE 19plus, Sea-Bird inc. sensor",,,,,,,,
EMOBON_ROSKOGO_So_210923_macro_2,16.64,"SBE 19plus, Sea-Bird inc. sensor",,,16.56,"SBE 19plus, Sea-Bird inc. sensor",,,,,,,,,,,,,,,,,,,,,,,,,,,,,,,,,,,,,,,,,,,,,,,,,,,,,35.22,"SBE 19plus, Sea-Bird inc. sensor",,,,,,,,
EMOBON_ROSKOGO_So_210923_macro_3,16.64,"SBE 19plus, Sea-Bird inc. sensor",,,16.56,"SBE 19plus, Sea-Bird inc. sensor",,,,,,,,,,,,,,,,,,,,,,,,,,,,,,,,,,,,,,,,,,,,,,,,,,,,,35.22,"SBE 19plus, Sea-Bird inc. sensor",,,,,,,,
EMOBON_ROSKOGO_So_210923_macro_4,16.64,"SBE 19plus, Sea-Bird inc. sensor",,,16.56,"SBE 19plus, Sea-Bird inc. sensor",,,,,,,,,,,,,,,,,,,,,,,,,,,,,,,,,,,,,,,,,,,,,,,,,,,,,35.22,"SBE 19plus, Sea-Bird inc. sensor",,,,,,,,
EMOBON_ROSKOGO_So_210923_macro_blank_1,irrelevant,,,,,,,,,,,,,,,,,,,,,,,,,,,,,,,,,,,,,,,,,,,,,,,,,,,,,,,,,,35.22,"SBE 19plus, Sea-Bird inc. sensor",,,,,,,,
EMOBON_ROSKOGO_So_211119_meio_1,13,deduced from temperature measured at Estacade on 1/9/2021,,,,,,,,,,,,,,,,,,,,,,,,,,,,,,,,,,,,,,,,,,,,,,,,,,,,,,,,,,,,,,,,,,
EMOBON_ROSKOGO_So_211119_meio_2,13,deduced from temperature measured at Estacade on 1/9/2021,,,,,,,,,,,,,,,,,,,,,,,,,,,,,,,,,,,,,,,,,,,,,,,,,,,,,,,,,,,,,,,,,,
EMOBON_ROSKOGO_So_211119_meio_3,13,deduced from temperature measured at Estacade on 1/9/2021,,,,,,,,,,,,,,,,,,,,,,,,,,,,,,,,,,,,,,,,,,,,,,,,,,,,,,,,,,,,,,,,,,
EMOBON_ROSKOGO_So_211119_meio_4,13,deduced from temperature measured at Estacade on 1/9/2021,,,,,,,,,,,,,,,,,,,,,,,,,,,,,,,,,,,,,,,,,,,,,,,,,,,,,,,,,,,,,,,,,,
EMOBON_ROSKOGO_So_211119_meio_blank_1,irrelevant,,,,,,,,,,,,,,,,,,,,,,,,,,,,,,,,,,,,,,,,,,,,,,,,,,,,,,,,,,,,,,,,,,,
EMOBON_ROSKOGO_So_211119_micro_1,13,deduced from temperature measured at Estacade on 1/9/2021,,,,,,,,,,,,,,,,,,,,,,,,,,,,,,,,,,,,,,,,,,,,,,,,,,,,,,,,,,,,,,,,,,
EMOBON_ROSKOGO_So_211119_micro_2,13,deduced from temperature measured at Estacade on 1/9/2021,,,,,,,,,,,,,,,,,,,,,,,,,,,,,,,,,,,,,,,,,,,,,,,,,,,,,,,,,,,,,,,,,,
EMOBON_ROSKOGO_So_211119_micro_3,13,deduced from temperature measured at Estacade on 1/9/2021,,,,,,,,,,,,,,,,,,,,,,,,,,,,,,,,,,,,,,,,,,,,,,,,,,,,,,,,,,,,,,,,,,
EMOBON_ROSKOGO_So_211119_micro_4,13,deduced from temperature measured at Estacade on 1/9/2021,,,,,,,,,,,,,,,,,,,,,,,,,,,,,,,,,,,,,,,,,,,,,,,,,,,,,,,,,,,,,,,,,,
EMOBON_ROSKOGO_So_211119_micro_blank_1,irrelevant,,,,,,,,,,,,,,,,,,,,,,,,,,,,,,,,,,,,,,,,,,,,,,,,,,,,,,,,,,,,,,,,,,,
EMOBON_ROSKOGO_So_211222_micro_1,12,deduced from temperature measured at Estacade on 1/9/2021,,,,,,,,,,,,,,,,,,,,,,,,,,,,,,,,,,,,,,,,,,,,,,,,,,,,,,,,,,,,,,,,,,
EMOBON_ROSKOGO_So_211222_micro_2,12,deduced from temperature measured at Estacade on 1/9/2021,,,,,,,,,,,,,,,,,,,,,,,,,,,,,,,,,,,,,,,,,,,,,,,,,,,,,,,,,,,,,,,,,,
EMOBON_ROSKOGO_So_211222_micro_3,12,deduced from temperature measured at Estacade on 1/9/2021,,,,,,,,,,,,,,,,,,,,,,,,,,,,,,,,,,,,,,,,,,,,,,,,,,,,,,,,,,,,,,,,,,
EMOBON_ROSKOGO_So_211222_micro_4,12,deduced from temperature measured at Estacade on 1/9/2021,,,,,,,,,,,,,,,,,,,,,,,,,,,,,,,,,,,,,,,,,,,,,,,,,,,,,,,,,,,,,,,,,,
EMOBON_ROSKOGO_So_211222_micro_blank_1,irrelevant,,,,,,,,,,,,,,,,,,,,,,,,,,,,,,,,,,,,,,,,,,,,,,,,,,,,,,,,,,,,,,,,,,,
EMOBON_ROSKOGO_So_220301_macro_1,10.16,"SBE 19plus, Sea-Bird inc. sensor",,,10.3,"SBE 19plus, Sea-Bird inc. sensor",,,,,,,,,,,,,,,,,,,,,,,,,,,,,,,,,,,,,,,,,,,,,,,,,,,,,35.01,"SBE 19plus, Sea-Bird inc. sensor",,,,,,,,
EMOBON_ROSKOGO_So_220301_macro_2,10.16,"SBE 19plus, Sea-Bird inc. sensor",,,10.3,"SBE 19plus, Sea-Bird inc. sensor",,,,,,,,,,,,,,,,,,,,,,,,,,,,,,,,,,,,,,,,,,,,,,,,,,,,,35.01,"SBE 19plus, Sea-Bird inc. sensor",,,,,,,,
EMOBON_ROSKOGO_So_220301_macro_3,10.16,"SBE 19plus, Sea-Bird inc. sensor",,,10.3,"SBE 19plus, Sea-Bird inc. sensor",,,,,,,,,,,,,,,,,,,,,,,,,,,,,,,,,,,,,,,,,,,,,,,,,,,,,35.01,"SBE 19plus, Sea-Bird inc. sensor",,,,,,,,
EMOBON_ROSKOGO_So_220301_macro_4,10.16,"SBE 19plus, Sea-Bird inc. sensor",,,10.3,"SBE 19plus, Sea-Bird inc. sensor",,,,,,,,,,,,,,,,,,,,,,,,,,,,,,,,,,,,,,,,,,,,,,,,,,,,,35.01,"SBE 19plus, Sea-Bird inc. sensor",,,,,,,,
EMOBON_ROSKOGO_So_220301_macro_blank_1,irrelevant,,,,,,,,,,,,,,,,,,,,,,,,,,,,,,,,,,,,,,,,,,,,,,,,,,,,,,,,,,35.01,"SBE 19plus, Sea-Bird inc. sensor",,,,,,,,
EMOBON_ROSKOGO_So_220303_micro_1,11,diver's diving computer in situ,,,,,,,,,,,,,,,,,,,,,,,,,,,,,,,,,,,,,,,,,,,,,,,,,,,,,,,,,,,,,,,,,,
EMOBON_ROSKOGO_So_220303_micro_2,11,diver's diving computer in situ,,,,,,,,,,,,,,,,,,,,,,,,,,,,,,,,,,,,,,,,,,,,,,,,,,,,,,,,,,,,,,,,,,
EMOBON_ROSKOGO_So_220303_micro_3,11,diver's diving computer in situ,,,,,,,,,,,,,,,,,,,,,,,,,,,,,,,,,,,,,,,,,,,,,,,,,,,,,,,,,,,,,,,,,,
EMOBON_ROSKOGO_So_220303_micro_4,11,diver's diving computer in situ,,,,,,,,,,,,,,,,,,,,,,,,,,,,,,,,,,,,,,,,,,,,,,,,,,,,,,,,,,,,,,,,,,
EMOBON_ROSKOGO_So_220303_micro_blank_1,irrelevant,,,,,,,,,,,,,,,,,,,,,,,,,,,,,,,,,,,,,,,,,,,,,,,,,,,,,,,,,,,,,,,,,,,
EMOBON_ROSKOGO_So_220425__blank_1,irrelevant,,,,,,,,,,,,,,,,,,,,,,,,,,,,,,,,,,,,,,,,,,,,,,,,,,,,,,,,,,,,,,,,,,,
EMOBON_ROSKOGO_So_220425_meio_1,12,diver's diving computer in situ,,,,,,,,,,,,,,,,,,,,,,,,,,,,,,,,,,,,,,,,,,,,,,,,,,,,,,,,,,,,,,,,,,
EMOBON_ROSKOGO_So_220425_meio_2,12,diver's diving computer in situ,,,,,,,,,,,,,,,,,,,,,,,,,,,,,,,,,,,,,,,,,,,,,,,,,,,,,,,,,,,,,,,,,,
EMOBON_ROSKOGO_So_220425_meio_3,12,diver's diving computer in situ,,,,,,,,,,,,,,,,,,,,,,,,,,,,,,,,,,,,,,,,,,,,,,,,,,,,,,,,,,,,,,,,,,
EMOBON_ROSKOGO_So_220425_meio_4,12,diver's diving computer in situ,,,,,,,,,,,,,,,,,,,,,,,,,,,,,,,,,,,,,,,,,,,,,,,,,,,,,,,,,,,,,,,,,,
EMOBON_ROSKOGO_So_220425_micro_1,12,diver's diving computer in situ,,,,,,,,,,,,,,,,,,,,,,,,,,,,,,,,,,,,,,,,,,,,,,,,,,,,,,,,,,,,,,,,,,
EMOBON_ROSKOGO_So_220425_micro_2,12,diver's diving computer in situ,,,,,,,,,,,,,,,,,,,,,,,,,,,,,,,,,,,,,,,,,,,,,,,,,,,,,,,,,,,,,,,,,,
EMOBON_ROSKOGO_So_220425_micro_3,12,diver's diving computer in situ,,,,,,,,,,,,,,,,,,,,,,,,,,,,,,,,,,,,,,,,,,,,,,,,,,,,,,,,,,,,,,,,,,
EMOBON_ROSKOGO_So_220425_micro_4,12,diver's diving computer in situ,,,,,,,,,,,,,,,,,,,,,,,,,,,,,,,,,,,,,,,,,,,,,,,,,,,,,,,,,,,,,,,,,,
EMOBON_ROSKOGO_So_220623_meio_1,15.7,diver's diving computer in situ,,,,,,,,,,,,,,,,,,,,,,,,,,,,,,,,,,,,,,,,,,,,,,,,,,,,,,,,,,,,,,,,,,
EMOBON_ROSKOGO_So_220623_meio_2,15.7,diver's diving computer in situ,,,,,,,,,,,,,,,,,,,,,,,,,,,,,,,,,,,,,,,,,,,,,,,,,,,,,,,,,,,,,,,,,,
EMOBON_ROSKOGO_So_220623_meio_3,15.7,diver's diving computer in situ,,,,,,,,,,,,,,,,,,,,,,,,,,,,,,,,,,,,,,,,,,,,,,,,,,,,,,,,,,,,,,,,,,
EMOBON_ROSKOGO_So_220623_meio_4,15.7,diver's diving computer in situ,,,,,,,,,,,,,,,,,,,,,,,,,,,,,,,,,,,,,,,,,,,,,,,,,,,,,,,,,,,,,,,,,,
EMOBON_ROSKOGO_So_220623_micro_1,15.7,diver's diving computer in situ,,,,,,,,,,,,,,,,,,,,,,,,,,,,,,,,,,,,,,,,,,,,,,,,,,,,,,,,,,,,,,,,,,
EMOBON_ROSKOGO_So_220623_micro_2,15.7,diver's diving computer in situ,,,,,,,,,,,,,,,,,,,,,,,,,,,,,,,,,,,,,,,,,,,,,,,,,,,,,,,,,,,,,,,,,,
EMOBON_ROSKOGO_So_220623_micro_3,15.7,diver's diving computer in situ,,,,,,,,,,,,,,,,,,,,,,,,,,,,,,,,,,,,,,,,,,,,,,,,,,,,,,,,,,,,,,,,,,
EMOBON_ROSKOGO_So_220623_micro_4,15.7,diver's diving computer in situ,,,,,,,,,,,,,,,,,,,,,,,,,,,,,,,,,,,,,,,,,,,,,,,,,,,,,,,,,,,,,,,,,,
EMOBON_ROSKOGO_So_220623_micro_blank_1,irrelevant,,,,,,,,,,,,,,,,,,,,,,,,,,,,,,,,,,,,,,,,,,,,,,,,,,,,,,,,,,,,,,,,,,,
EMOBON_ROSKOGO_So_220929_macro_1,15.3,"SBE 19plus, Sea-Bird inc. sensor",,,15.3,"SBE 19plus, Sea-Bird inc. sensor",,,,,,,,,,,,,,,,,,,,,,,,,,,,,,,,,,,,,,,,,,,,,,,,,,,,,,,,,,,,,,
EMOBON_ROSKOGO_So_220929_macro_2,15.3,"SBE 19plus, Sea-Bird inc. sensor",,,15.3,"SBE 19plus, Sea-Bird inc. sensor",,,,,,,,,,,,,,,,,,,,,,,,,,,,,,,,,,,,,,,,,,,,,,,,,,,,,,,,,,,,,,
EMOBON_ROSKOGO_So_220929_macro_3,15.3,"SBE 19plus, Sea-Bird inc. sensor",,,15.3,"SBE 19plus, Sea-Bird inc. sensor",,,,,,,,,,,,,,,,,,,,,,,,,,,,,,,,,,,,,,,,,,,,,,,,,,,,,,,,,,,,,,
EMOBON_ROSKOGO_So_221027_meio_1,15.3,diver's diving computer in situ,,,15.3,,,,,,,,,,,,,,,,,,,,,,,,,,,,,,,,,,,,,,,,,,,,,,,,,,,,,,,,,,,,,,,
EMOBON_ROSKOGO_So_221027_meio_2,15.3,diver's diving computer in situ,,,15.3,,,,,,,,,,,,,,,,,,,,,,,,,,,,,,,,,,,,,,,,,,,,,,,,,,,,,,,,,,,,,,,
EMOBON_ROSKOGO_So_221027_meio_3,15.3,diver's diving computer in situ,,,15.3,,,,,,,,,,,,,,,,,,,,,,,,,,,,,,,,,,,,,,,,,,,,,,,,,,,,,,,,,,,,,,,
EMOBON_ROSKOGO_So_221027_meio_4,15.3,diver's diving computer in situ,,,15.3,,,,,,,,,,,,,,,,,,,,,,,,,,,,,,,,,,,,,,,,,,,,,,,,,,,,,,,,,,,,,,,
EMOBON_ROSKOGO_So_221027_micro_1,15.3,diver's diving computer in situ,,,15.3,,,,,,,,,,,,,,,,,,,,,,,,,,,,,,,,,,,,,,,,,,,,,,,,,,,,,,,,,,,,,,,
EMOBON_ROSKOGO_So_221027_micro_2,15.3,diver's diving computer in situ,,,15.3,,,,,,,,,,,,,,,,,,,,,,,,,,,,,,,,,,,,,,,,,,,,,,,,,,,,,,,,,,,,,,,
EMOBON_ROSKOGO_So_221027_micro_3,15.3,diver's diving computer in situ,,,15.3,,,,,,,,,,,,,,,,,,,,,,,,,,,,,,,,,,,,,,,,,,,,,,,,,,,,,,,,,,,,,,,
EMOBON_ROSKOGO_So_221027_micro_4,15.3,diver's diving computer in situ,,,15.3,,,,,,,,,,,,,,,,,,,,,,,,,,,,,,,,,,,,,,,,,,,,,,,,,,,,,,,,,,,,,,,
EMOBON_ROSKOGO_So_221027_micro_blank_1,irrelevant,,,,,,,,,,,,,,,,,,,,,,,,,,,,,,,,,,,,,,,,,,,,,,,,,,,,,,,,,,,,,,,,,,,
EMOBON_ROSKOGO_So_230103_micro_1,12,diver's diving computer in situ,,,12,,,,,,,,,,,,,,,,,,,,,,,,,,,,,,,,,,,,,,,,,,,,,,,,,,,,,,,,,,,,,,,
EMOBON_ROSKOGO_So_230103_micro_2,12,diver's diving computer in situ,,,12,,,,,,,,,,,,,,,,,,,,,,,,,,,,,,,,,,,,,,,,,,,,,,,,,,,,,,,,,,,,,,,
EMOBON_ROSKOGO_So_230103_micro_3,12,diver's diving computer in situ,,,12,,,,,,,,,,,,,,,,,,,,,,,,,,,,,,,,,,,,,,,,,,,,,,,,,,,,,,,,,,,,,,,
EMOBON_ROSKOGO_So_230103_micro_4,12,diver's diving computer in situ,,,12,,,,,,,,,,,,,,,,,,,,,,,,,,,,,,,,,,,,,,,,,,,,,,,,,,,,,,,,,,,,,,,
EMOBON_ROSKOGO_So_230103_micro_blank_1,irrelevant,,,,,,,,,,,,,,,,,,,,,,,,,,,,,,,,,,,,,,,,,,,,,,,,,,,,,,,,,,,,,,,,,,,
EMOBON_ROSKOGO_So_230215_micro_1,,,,,,,,,,,,,,,,,,,,,,,,,,,,,,,,,,,,,,,,,,,,,,,,,,,,,,,,,,,,,,,,,,,,
EMOBON_ROSKOGO_So_230215_micro_2,,,,,,,,,,,,,,,,,,,,,,,,,,,,,,,,,,,,,,,,,,,,,,,,,,,,,,,,,,,,,,,,,,,,
EMOBON_ROSKOGO_So_230215_micro_3,,,,,,,,,,,,,,,,,,,,,,,,,,,,,,,,,,,,,,,,,,,,,,,,,,,,,,,,,,,,,,,,,,,,
EMOBON_ROSKOGO_So_230215_micro_4,,,,,,,,,,,,,,,,,,,,,,,,,,,,,,,,,,,,,,,,,,,,,,,,,,,,,,,,,,,,,,,,,,,,
EMOBON_ROSKOGO_So_230215_micro_blank_1,irrelevant,,,,,,,,,,,,,,,,,,,,,,,,,,,,,,,,,,,,,,,,,,,,,,,,,,,,,,,,,,,,,,,,,,,
EMOBON_ROSKOGO_So_230220__blank_1,irrelevant,,,,,,,,,,,,,,,,,,,,,,,,,,,,,,,,,,,,,,,,,,,,,,,,,,,,,,,,,,,,,,,,,,,
EMOBON_ROSKOGO_So_230220_macro_1,10.3,"SBE 19plus, Sea-Bird inc. sensor",,,10.6,"SBE 19plus, Sea-Bird inc. sensor",,,,,,,,,,,,,,,,,,,,,,,,,,,,,,,,,,,,,,,,,,,,,,,,,,,,,,,,,,,,,,
EMOBON_ROSKOGO_So_230220_macro_2,10.3,"SBE 19plus, Sea-Bird inc. sensor",,,10.6,"SBE 19plus, Sea-Bird inc. sensor",,,,,,,,,,,,,,,,,,,,,,,,,,,,,,,,,,,,,,,,,,,,,,,,,,,,,,,,,,,,,,
EMOBON_ROSKOGO_So_230220_macro_3,10.3,"SBE 19plus, Sea-Bird inc. sensor",,,10.6,"SBE 19plus, Sea-Bird inc. sensor",,,,,,,,,,,,,,,,,,,,,,,,,,,,,,,,,,,,,,,,,,,,,,,,,,,,,,,,,,,,,,
EMOBON_ROSKOGO_So_230220_macro_4,10.3,"SBE 19plus, Sea-Bird inc. sensor",,,10.6,"SBE 19plus, Sea-Bird inc. sensor",,,,,,,,,,,,,,,,,,,,,,,,,,,,,,,,,,,,,,,,,,,,,,,,,,,,,,,,,,,,,,
EMOBON_ROSKOGO_So_230412_meio_1,11.8,diver's diving computer in situ,,,11.7,,,,,,,,,,,,,,,,,,,,,,,,,,,,,,,,,,,,,,,,,,,,,,,,,,,,,,,,,,,,,,,
EMOBON_ROSKOGO_So_230412_meio_2,11.8,diver's diving computer in situ,,,11.7,,,,,,,,,,,,,,,,,,,,,,,,,,,,,,,,,,,,,,,,,,,,,,,,,,,,,,,,,,,,,,,
EMOBON_ROSKOGO_So_230412_meio_3,11.8,diver's diving computer in situ,,,11.7,,,,,,,,,,,,,,,,,,,,,,,,,,,,,,,,,,,,,,,,,,,,,,,,,,,,,,,,,,,,,,,
EMOBON_ROSKOGO_So_230412_meio_4,11.8,diver's diving computer in situ,,,11.7,,,,,,,,,,,,,,,,,,,,,,,,,,,,,,,,,,,,,,,,,,,,,,,,,,,,,,,,,,,,,,,
EMOBON_ROSKOGO_So_230412_micro_1,11.8,diver's diving computer in situ,,,11.7,,,,,,,,,,,,,,,,,,,,,,,,,,,,,,,,,,,,,,,,,,,,,,,,,,,,,,,,,,,,,,,
EMOBON_ROSKOGO_So_230412_micro_2,11.8,diver's diving computer in situ,,,11.7,,,,,,,,,,,,,,,,,,,,,,,,,,,,,,,,,,,,,,,,,,,,,,,,,,,,,,,,,,,,,,,
EMOBON_ROSKOGO_So_230412_micro_3,11.8,diver's diving computer in situ,,,11.7,,,,,,,,,,,,,,,,,,,,,,,,,,,,,,,,,,,,,,,,,,,,,,,,,,,,,,,,,,,,,,,
EMOBON_ROSKOGO_So_230412_micro_4,11.8,diver's diving computer in situ,,,11.7,,,,,,,,,,,,,,,,,,,,,,,,,,,,,,,,,,,,,,,,,,,,,,,,,,,,,,,,,,,,,,,
EMOBON_ROSKOGO_So_230412_micro_blank_1,irrelevant,,,,,,,,,,,,,,,,,,,,,,,,,,,,,,,,,,,,,,,,,,,,,,,,,,,,,,,,,,,,,,,,,,,
EMOBON_ROSKOGO_So_230619_meio_1,15,diver's diving computer in situ,,,14,,,,,,,,,,,,,,,,,,,,,,,,,,,,,,,,,,,,,,,,,,,,,,,,,,,,,,,,,,,,,,,
EMOBON_ROSKOGO_So_230619_meio_2,15,diver's diving computer in situ,,,14,,,,,,,,,,,,,,,,,,,,,,,,,,,,,,,,,,,,,,,,,,,,,,,,,,,,,,,,,,,,,,,
EMOBON_ROSKOGO_So_230619_meio_3,15,diver's diving computer in situ,,,14,,,,,,,,,,,,,,,,,,,,,,,,,,,,,,,,,,,,,,,,,,,,,,,,,,,,,,,,,,,,,,,
EMOBON_ROSKOGO_So_230619_meio_4,15,diver's diving computer in situ,,,14,,,,,,,,,,,,,,,,,,,,,,,,,,,,,,,,,,,,,,,,,,,,,,,,,,,,,,,,,,,,,,,
EMOBON_ROSKOGO_So_230619_micro_1,15,diver's diving computer in situ,,,14,,,,,,,,,,,,,,,,,,,,,,,,,,,,,,,,,,,,,,,,,,,,,,,,,,,,,,,,,,,,,,,
EMOBON_ROSKOGO_So_230619_micro_2,15,diver's diving computer in situ,,,14,,,,,,,,,,,,,,,,,,,,,,,,,,,,,,,,,,,,,,,,,,,,,,,,,,,,,,,,,,,,,,,
EMOBON_ROSKOGO_So_230619_micro_3,15,diver's diving computer in situ,,,14,,,,,,,,,,,,,,,,,,,,,,,,,,,,,,,,,,,,,,,,,,,,,,,,,,,,,,,,,,,,,,,
EMOBON_ROSKOGO_So_230619_micro_4,15,diver's diving computer in situ,,,14,,,,,,,,,,,,,,,,,,,,,,,,,,,,,,,,,,,,,,,,,,,,,,,,,,,,,,,,,,,,,,,
EMOBON_ROSKOGO_So_230619_micro_blank_1,irrelevant,,,,,,,,,,,,,,,,,,,,,,,,,,,,,,,,,,,,,,,,,,,,,,,,,,,,,,,,,,,,,,,,,,,
EMOBON_ROSKOGO_So_230816_micro_1,17.7,diver's diving computer in situ,,,17.2,diver's diving computer in situ,,,,,,,,,,,,,,,,,,,,,,,,,,,,,,,,,,,,,,,,,,,,,,,,,,,,,,,,,,,,,,
EMOBON_ROSKOGO_So_230816_micro_2,17.7,diver's diving computer in situ,,,17.2,diver's diving computer in situ,,,,,,,,,,,,,,,,,,,,,,,,,,,,,,,,,,,,,,,,,,,,,,,,,,,,,,,,,,,,,,
EMOBON_ROSKOGO_So_230816_micro_3,17.7,diver's diving computer in situ,,,17.2,diver's diving computer in situ,,,,,,,,,,,,,,,,,,,,,,,,,,,,,,,,,,,,,,,,,,,,,,,,,,,,,,,,,,,,,,
EMOBON_ROSKOGO_So_230816_micro_4,17.7,diver's diving computer in situ,,,17.2,diver's diving computer in situ,,,,,,,,,,,,,,,,,,,,,,,,,,,,,,,,,,,,,,,,,,,,,,,,,,,,,,,,,,,,,,
EMOBON_ROSKOGO_So_230816_micro_blank_1,irrelevant,,,,,,,,,,,,,,,,,,,,,,,,,,,,,,,,,,,,,,,,,,,,,,,,,,,,,,,,,,,,,,,,,,,
EMOBON_ROSKOGO_So_230925_macro_1,,,,,,,,,,,,,,,,,,,,,,,,,,,,,,,,,,,,,,,,,,,,,,,,,,,,,,,,,,,,,,,,,,,,
EMOBON_ROSKOGO_So_230925_macro_2,,,,,,,,,,,,,,,,,,,,,,,,,,,,,,,,,,,,,,,,,,,,,,,,,,,,,,,,,,,,,,,,,,,,
EMOBON_ROSKOGO_So_230925_macro_3,,,,,,,,,,,,,,,,,,,,,,,,,,,,,,,,,,,,,,,,,,,,,,,,,,,,,,,,,,,,,,,,,,,,
EMOBON_ROSKOGO_So_230925_macro_4,,,,,,,,,,,,,,,,,,,,,,,,,,,,,,,,,,,,,,,,,,,,,,,,,,,,,,,,,,,,,,,,,,,,
EMOBON_ROSKOGO_So_230925_macro_blank_1,,,,,,,,,,,,,,,,,,,,,,,,,,,,,,,,,,,,,,,,,,,,,,,,,,,,,,,,,,,,,,,,,,,,
EMOBON_ROSKOGO_So_231016_meio_1,15.8,diver's diving computer in situ,,,15.7,diver's diving computer in situ,,,,,,,,,,,,,,,,,,,,,,,,,,,,,,,,,,,,,,,,,,,,,,,,,,,,,,,,,,,,,,
EMOBON_ROSKOGO_So_231016_meio_2,15.8,diver's diving computer in situ,,,15.7,diver's diving computer in situ,,,,,,,,,,,,,,,,,,,,,,,,,,,,,,,,,,,,,,,,,,,,,,,,,,,,,,,,,,,,,,
EMOBON_ROSKOGO_So_231016_meio_3,15.8,diver's diving computer in situ,,,15.7,diver's diving computer in situ,,,,,,,,,,,,,,,,,,,,,,,,,,,,,,,,,,,,,,,,,,,,,,,,,,,,,,,,,,,,,,
EMOBON_ROSKOGO_So_231016_meio_4,15.8,diver's diving computer in situ,,,15.7,diver's diving computer in situ,,,,,,,,,,,,,,,,,,,,,,,,,,,,,,,,,,,,,,,,,,,,,,,,,,,,,,,,,,,,,,
EMOBON_ROSKOGO_So_231016_micro_1,15.8,diver's diving computer in situ,,,15.7,diver's diving computer in situ,,,,,,,,,,,,,,,,,,,,,,,,,,,,,,,,,,,,,,,,,,,,,,,,,,,,,,,,,,,,,,
EMOBON_ROSKOGO_So_231016_micro_2,15.8,diver's diving computer in situ,,,15.7,diver's diving computer in situ,,,,,,,,,,,,,,,,,,,,,,,,,,,,,,,,,,,,,,,,,,,,,,,,,,,,,,,,,,,,,,
EMOBON_ROSKOGO_So_231016_micro_3,15.8,diver's diving computer in situ,,,15.7,diver's diving computer in situ,,,,,,,,,,,,,,,,,,,,,,,,,,,,,,,,,,,,,,,,,,,,,,,,,,,,,,,,,,,,,,
EMOBON_ROSKOGO_So_231016_micro_4,15.8,diver's diving computer in situ,,,15.7,diver's diving computer in situ,,,,,,,,,,,,,,,,,,,,,,,,,,,,,,,,,,,,,,,,,,,,,,,,,,,,,,,,,,,,,,
EMOBON_ROSKOGO_So_231016_micro_blank_1,irrelevant,,,,irrelevant,,,,,,,,,,,,,,,,,,,,,,,,,,,,,,,,,,,,,,,,,,,,,,,,,,,,,,,,,,,,,,,
EMOBON_ROSKOGO_So_231211_micro_1,12.7,diver's diving computer in situ,,,12.9,diver's diving computer in situ,,,,,,,,,,,,,,,,,,,,,,,,,,,,,,,,,,,,,,,,,,,,,,,,,,,,,,,,,,,,,,
EMOBON_ROSKOGO_So_231211_micro_2,12.7,diver's diving computer in situ,,,12.9,diver's diving computer in situ,,,,,,,,,,,,,,,,,,,,,,,,,,,,,,,,,,,,,,,,,,,,,,,,,,,,,,,,,,,,,,
EMOBON_ROSKOGO_So_231211_micro_3,12.7,diver's diving computer in situ,,,12.9,diver's diving computer in situ,,,,,,,,,,,,,,,,,,,,,,,,,,,,,,,,,,,,,,,,,,,,,,,,,,,,,,,,,,,,,,
EMOBON_ROSKOGO_So_231211_micro_4,12.7,diver's diving computer in situ,,,12.9,diver's diving computer in situ,,,,,,,,,,,,,,,,,,,,,,,,,,,,,,,,,,,,,,,,,,,,,,,,,,,,,,,,,,,,,,
EMOBON_ROSKOGO_So_231211_micro_blank_1,irrelevant,,,,irrelevant,,,,,,,,,,,,,,,,,,,,,,,,,,,,,,,,,,,,,,,,,,,,,,,,,,,,,,,,,,,,,,,
EMOBON_ROSKOGO_So_240221_macro_1,,,,,,,,,,,,,,,,,,,,,,,,,,,,,,,,,,,,,,,,,,,,,,,,,,,,,,,,,,,,,,,,,,,,
EMOBON_ROSKOGO_So_240221_macro_2,,,,,,,,,,,,,,,,,,,,,,,,,,,,,,,,,,,,,,,,,,,,,,,,,,,,,,,,,,,,,,,,,,,,
EMOBON_ROSKOGO_So_240221_macro_3,,,,,,,,,,,,,,,,,,,,,,,,,,,,,,,,,,,,,,,,,,,,,,,,,,,,,,,,,,,,,,,,,,,,
EMOBON_ROSKOGO_So_240221_macro_4,,,,,,,,,,,,,,,,,,,,,,,,,,,,,,,,,,,,,,,,,,,,,,,,,,,,,,,,,,,,,,,,,,,,
EMOBON_ROSKOGO_So_240221_macro_blank_1,,,,,,,,,,,,,,,,,,,,,,,,,,,,,,,,,,,,,,,,,,,,,,,,,,,,,,,,,,,,,,,,,,,,
EMOBON_ROSKOGO_So_240228_micro_1,12.4,diver's diving computer in situ,,,11.9,diver's diving computer in situ,,,,,,,,,,,,,,,,,,,,,,,,,,,,,,,,,,,,,,,,,,,,,,,,,,,,,,,,,,,,,,
EMOBON_ROSKOGO_So_240228_micro_2,12.4,diver's diving computer in situ,,,11.9,diver's diving computer in situ,,,,,,,,,,,,,,,,,,,,,,,,,,,,,,,,,,,,,,,,,,,,,,,,,,,,,,,,,,,,,,
EMOBON_ROSKOGO_So_240228_micro_3,12.4,diver's diving computer in situ,,,11.9,diver's diving computer in situ,,,,,,,,,,,,,,,,,,,,,,,,,,,,,,,,,,,,,,,,,,,,,,,,,,,,,,,,,,,,,,
EMOBON_ROSKOGO_So_240228_micro_4,12.4,diver's diving computer in situ,,,11.9,diver's diving computer in situ,,,,,,,,,,,,,,,,,,,,,,,,,,,,,,,,,,,,,,,,,,,,,,,,,,,,,,,,,,,,,,
EMOBON_ROSKOGO_So_240228_micro_blank_1,irrelevant,,,,irrelevant,,,,,,,,,,,,,,,,,,,,,,,,,,,,,,,,,,,,,,,,,,,,,,,,,,,,,,,,,,,,,,,
EMOBON_ROSKOGO_So_240425_micro_1,12.7,diver's diving computer in situ,,,12.5,diver's diving computer in situ,,,,,,,,,,,,,,,,,,,,,,,,,,,,,,,,,,,,,,,,,,,,,,,,,,,,,,,,,,,,,,
EMOBON_ROSKOGO_So_240425_micro_2,12.7,diver's diving computer in situ,,,12.5,diver's diving computer in situ,,,,,,,,,,,,,,,,,,,,,,,,,,,,,,,,,,,,,,,,,,,,,,,,,,,,,,,,,,,,,,
EMOBON_ROSKOGO_So_240425_micro_3,12.7,diver's diving computer in situ,,,12.5,diver's diving computer in situ,,,,,,,,,,,,,,,,,,,,,,,,,,,,,,,,,,,,,,,,,,,,,,,,,,,,,,,,,,,,,,
EMOBON_ROSKOGO_So_240425_micro_4,12.7,diver's diving computer in situ,,,12.5,diver's diving computer in situ,,,,,,,,,,,,,,,,,,,,,,,,,,,,,,,,,,,,,,,,,,,,,,,,,,,,,,,,,,,,,,
EMOBON_ROSKOGO_So_240425_micro_blank_1,irrelevant,,,,irrelevant,,,,,,,,,,,,,,,,,,,,,,,,,,,,,,,,,,,,,,,,,,,,,,,,,,,,,,,,,,,,,,,
EMOBON_ROSKOGO_So_240425_meio_1,12.7,diver's diving computer in situ,,,12.5,diver's diving computer in situ,,,,,,,,,,,,,,,,,,,,,,,,,,,,,,,,,,,,,,,,,,,,,,,,,,,,,,,,,,,,,,
EMOBON_ROSKOGO_So_240425_meio_2,12.7,diver's diving computer in situ,,,12.5,diver's diving computer in situ,,,,,,,,,,,,,,,,,,,,,,,,,,,,,,,,,,,,,,,,,,,,,,,,,,,,,,,,,,,,,,
EMOBON_ROSKOGO_So_240425_meio_3,12.7,diver's diving computer in situ,,,12.5,diver's diving computer in situ,,,,,,,,,,,,,,,,,,,,,,,,,,,,,,,,,,,,,,,,,,,,,,,,,,,,,,,,,,,,,,
EMOBON_ROSKOGO_So_240425_meio_4,12.7,diver's diving computer in situ,,,12.5,diver's diving computer in situ,,,,,,,,,,,,,,,,,,,,,,,,,,,,,,,,,,,,,,,,,,,,,,,,,,,,,,,,,,,,,,
EMOBON_ROSKOGO_So_240605_micro_1,14.2,diver's diving computer in situ,,,14.2,diver's diving computer in situ,,,,,,,,,,,,,,,,,,,,,,,,,,,,,,,,,,,,,,,,,,,,,,,,,,,,,,,,,,,,,,
EMOBON_ROSKOGO_So_240605_micro_2,14.2,diver's diving computer in situ,,,14.2,diver's diving computer in situ,,,,,,,,,,,,,,,,,,,,,,,,,,,,,,,,,,,,,,,,,,,,,,,,,,,,,,,,,,,,,,
EMOBON_ROSKOGO_So_240605_micro_3,14.2,diver's diving computer in situ,,,14.2,diver's diving computer in situ,,,,,,,,,,,,,,,,,,,,,,,,,,,,,,,,,,,,,,,,,,,,,,,,,,,,,,,,,,,,,,
EMOBON_ROSKOGO_So_240605_micro_4,14.2,diver's diving computer in situ,,,14.2,diver's diving computer in situ,,,,,,,,,,,,,,,,,,,,,,,,,,,,,,,,,,,,,,,,,,,,,,,,,,,,,,,,,,,,,,
EMOBON_ROSKOGO_So_240605_micro_blank_1,,irrelevant,,,irrelevant,,,,,,,,,,,,,,,,,,,,,,,,,,,,,,,,,,,,,,,,,,,,,,,,,,,,,,,,,,,,,,,
EMOBON_ROSKOGO_So_240605_meio_1,14.2,diver's diving computer in situ,,,14.2,diver's diving computer in situ,,,,,,,,,,,,,,,,,,,,,,,,,,,,,,,,,,,,,,,,,,,,,,,,,,,,,,,,,,,,,,
EMOBON_ROSKOGO_So_240605_meio_2,14.2,diver's diving computer in situ,,,14.2,diver's diving computer in situ,,,,,,,,,,,,,,,,,,,,,,,,,,,,,,,,,,,,,,,,,,,,,,,,,,,,,,,,,,,,,,
EMOBON_ROSKOGO_So_240605_meio_3,14.2,diver's diving computer in situ,,,14.2,diver's diving computer in situ,,,,,,,,,,,,,,,,,,,,,,,,,,,,,,,,,,,,,,,,,,,,,,,,,,,,,,,,,,,,,,
EMOBON_ROSKOGO_So_240605_meio_4,14.2,diver's diving computer in situ,,,14.2,diver's diving computer in situ,,,,,,,,,,,,,,,,,,,,,,,,,,,,,,,,,,,,,,,,,,,,,,,,,,,,,,,,,,,,,,
EMOBON_ROSKOGO_So_240807_micro_1,17.5,diver's diving computer in situ,,,16.8,diver's diving computer in situ,,,,,,,,,,,,,,,,,,,,,,,,,,,,,,,,,,,,,,,,,,,,,,,,,,,,,,,,,,,,,,
EMOBON_ROSKOGO_So_240807_micro_2,17.5,diver's diving computer in situ,,,16.8,diver's diving computer in situ,,,,,,,,,,,,,,,,,,,,,,,,,,,,,,,,,,,,,,,,,,,,,,,,,,,,,,,,,,,,,,
EMOBON_ROSKOGO_So_240807_micro_3,17.5,diver's diving computer in situ,,,16.8,diver's diving computer in situ,,,,,,,,,,,,,,,,,,,,,,,,,,,,,,,,,,,,,,,,,,,,,,,,,,,,,,,,,,,,,,
EMOBON_ROSKOGO_So_240807_micro_4,17.5,diver's diving computer in situ,,,16.8,diver's diving computer in situ,,,,,,,,,,,,,,,,,,,,,,,,,,,,,,,,,,,,,,,,,,,,,,,,,,,,,,,,,,,,,,
EMOBON_ROSKOGO_So_240807_micro_blank_1,,irrelevant,,,irrelevant,,,,,,,,,,,,,,,,,,,,,,,,,,,,,,,,,,,,,,,,,,,,,,,,,,,,,,,,,,,,,,,